name,id,optaId,teamId,teamName,isGoalkeeper,stats,shirtNumber,positionId,usualPosition,matchId,matchRound,homeTeamName,homeTeamid,awayTeamName,awayTeamid,matchDate,home_goals,away_goals,FotMob_rating,Minutes_played,Goals,Assists,Total_shots,Accurate_passes_value,Accurate_passes_total,Chances_created,Expected_assists_xA,xG_plus_xA,Fantasy_points,Defensive_actions,touches,touches_opp_box,passes_into_final_third,accurate_crosses_value,accurate_crosses_total,long_balls_accurate_value,long_balls_accurate_total,dispossessed,tackles_succeeded_value,tackles_succeeded_total,shot_blocks,clearances,headed_clearance,interceptions,recoveries,dribbled_past,duel_won,duel_lost,ground_duels_won_value,ground_duels_won_total,aerials_won_value,aerials_won_total,fouls_received,fouls_committed
Fágner,20446,42898,9781,Cruzeiro,False,"[{'title': 'Top stats', 'key': 'top_stats', 'stats': {'FotMob rating': {'key': 'rating_title', 'stat': {'value': 6.21, 'type': 'double'}}, 'Minutes played': {'key': 'minutes_played', 'stat': {'value': 45, 'type': 'integer'}}, 'Goals': {'key': 'goals', 'stat': {'value': 0, 'type': 'integer'}}, 'Assists': {'key': 'assists', 'stat': {'value': 0, 'type': 'integer'}}, 'Accurate passes': {'key': 'accurate_passes', 'stat': {'value': 10, 'total': 13, 'type': 'fractionWithPercentage'}}, 'Chances created': {'key': 'chances_created', 'stat': {'value': 0, 'type': 'integer'}}, 'Shotmap': {'key': None, 'stat': {'value': 0, 'type': 'boolean'}}, 'Defensive actions': {'key': 'defensive_actions', 'stat': {'value': 3, 'type': 'integer'}}}}, {'title': 'Attack', 'key': 'attack', 'stats': {'Touches': {'key': 'touches', 'stat': {'value': 28, 'type': 'integer'}}, 'Touches in opposition box': {'key': 'touches_opp_box', 'stat': {'value': 0, 'type': 'integer'}}, 'Passes into final third': {'key': 'passes_into_final_third', 'stat': {'value': 6, 'type': 'integer'}}, 'Accurate crosses': {'key': 'accurate_crosses', 'stat': {'value': 0, 'total': 3, 'type': 'fractionWithPercentage'}}, 'Accurate long balls': {'key': 'long_balls_accurate', 'stat': {'value': 2, 'total': 2, 'type': 'fractionWithPercentage'}}, 'Dispossessed': {'key': 'dispossessed', 'stat': {'value': 1, 'type': 'integer'}}}}, {'title': 'Defense', 'key': 'defense', 'stats': {'Defensive actions': {'key': 'defensive_actions', 'stat': {'value': 3, 'type': 'integer'}}, 'Tackles': {'key': 'matchstats.headers.tackles', 'stat': {'value': 3, 'type': 'integer'}}, 'Blocks': {'key': 'shot_blocks', 'stat': {'value': 0, 'type': 'integer'}}, 'Clearances': {'key': 'clearances', 'stat': {'value': 0, 'type': 'integer'}}, 'Interceptions': {'key': 'interceptions', 'stat': {'value': 0, 'type': 'integer'}}, 'Recoveries': {'key': 'recoveries', 'stat': {'value': 0, 'type': 'integer'}}, 'Dribbled past': {'key': 'dribbled_past', 'stat': {'value': 0, 'type': 'integer'}}}}, {'title': 'Duels', 'key': 'duels', 'stats': {'Ground duels won': {'key': 'ground_duels_won', 'stat': {'value': 3, 'total': 6, 'type': 'fractionWithPercentage'}}, 'Aerial duels won': {'key': 'aerials_won', 'stat': {'value': 0, 'total': 0, 'type': 'fractionWithPercentage'}}, 'Was fouled': {'key': 'was_fouled', 'stat': {'type': 'integer'}}, 'Fouls committed': {'key': 'fouls', 'stat': {'value': 2, 'type': 'integer'}}, 'Duels won': {'key': 'duel_won', 'stat': {'value': 3, 'type': 'integer'}, 'hideInPopupCard': True}, 'Duels lost': {'key': 'duel_lost', 'stat': {'value': 3, 'type': 'integer'}, 'hideInPopupCard': True}}}]",23,32,1,5261537,3,Cruzeiro,9781,Boca Juniors,10077,2026-04-29T00:30:00.000Z,1,0,6.21,45.0,0.0,0.0,,10.0,13.0,0.0,,,,3.0,28.0,0.0,6.0,0.0,3.0,2.0,2.0,1.0,,,0.0,0.0,,0.0,0.0,0.0,3.0,3.0,3.0,6.0,0.0,0.0,,2.0
Javier García,150029,49304,10077,Boca Juniors,True,[],13,,0,5261537,3,Cruzeiro,9781,Boca Juniors,10077,2026-04-29T00:30:00.000Z,1,0,,,,,,,,,,,,,,,,,,,,,,,,,,,,,,,,,,,,
Leandro Paredes,237606,91080,10077,Boca Juniors,False,"[{'title': 'Top stats', 'key': 'top_stats', 'stats': {'FotMob rating': {'key': 'rating_title', 'stat': {'value': 6.38, 'type': 'double'}}, 'Minutes played': {'key': 'minutes_played', 'stat': {'value': 90, 'type': 'integer'}}, 'Goals': {'key': 'goals', 'stat': {'value': 0, 'type': 'integer'}}, 'Assists': {'key': 'assists', 'stat': {'value': 0, 'type': 'integer'}}, 'Expected assists (xA)': {'key': 'expected_assists', 'stat': {'value': 0.03, 'type': 'double'}}, 'xG + xA': {'key': 'xg_and_xa', 'stat': {'value': 0.03, 'type': 'double'}}, 'Accurate passes': {'key': 'accurate_passes', 'stat': {'value': 38, 'total': 44, 'type': 'fractionWithPercentage'}}, 'Chances created': {'key': 'chances_created', 'stat': {'value': 0, 'type': 'integer'}}, 'Shotmap': {'key': None, 'stat': {'value': 0, 'type': 'boolean'}}, 'Defensive actions': {'key': 'defensive_actions', 'stat': {'value': 3, 'type': 'integer'}}}}, {'title': 'Attack', 'key': 'attack', 'stats': {'Touches': {'key': 'touches', 'stat': {'value': 53, 'type': 'integer'}}, 'Touches in opposition box': {'key': 'touches_opp_box', 'stat': {'value': 0, 'type': 'integer'}}, 'Passes into final third': {'key': 'passes_into_final_third', 'stat': {'value': 4, 'type': 'integer'}}, 'Accurate crosses': {'key': 'accurate_crosses', 'stat': {'value': 0, 'total': 2, 'type': 'fractionWithPercentage'}}, 'Accurate long balls': {'key': 'long_balls_accurate', 'stat': {'value': 4, 'total': 8, 'type': 'fractionWithPercentage'}}, 'Corners': {'key': 'corners', 'stat': {'value': 1, 'type': 'integer'}}, 'Dispossessed': {'key': 'dispossessed', 'stat': {'value': 0, 'type': 'integer'}}}}, {'title': 'Defense', 'key': 'defense', 'stats': {'Defensive actions': {'key': 'defensive_actions', 'stat': {'value': 3, 'type': 'integer'}}, 'Tackles': {'key': 'matchstats.headers.tackles', 'stat': {'value': 2, 'type': 'integer'}}, 'Blocks': {'key': 'shot_blocks', 'stat': {'value': 1, 'type': 'integer'}}, 'Clearances': {'key': 'clearances', 'stat': {'value': 0, 'type': 'integer'}}, 'Interceptions': {'key': 'interceptions', 'stat': {'value': 0, 'type': 'integer'}}, 'Recoveries': {'key': 'recoveries', 'stat': {'value': 3, 'type': 'integer'}}, 'Dribbled past': {'key': 'dribbled_past', 'stat': {'value': 1, 'type': 'integer'}}}}, {'title': 'Duels', 'key': 'duels', 'stats': {'Ground duels won': {'key': 'ground_duels_won', 'stat': {'value': 4, 'total': 6, 'type': 'fractionWithPercentage'}}, 'Aerial duels won': {'key': 'aerials_won', 'stat': {'value': 2, 'total': 2, 'type': 'fractionWithPercentage'}}, 'Was fouled': {'key': 'was_fouled', 'stat': {'value': 2, 'type': 'integer'}}, 'Fouls committed': {'key': 'fouls', 'stat': {'value': 1, 'type': 'integer'}}, 'Duels won': {'key': 'duel_won', 'stat': {'value': 6, 'type': 'integer'}, 'hideInPopupCard': True}, 'Duels lost': {'key': 'duel_lost', 'stat': {'value': 2, 'type': 'integer'}, 'hideInPopupCard': True}}}]",5,74,2,5261537,3,Cruzeiro,9781,Boca Juniors,10077,2026-04-29T00:30:00.000Z,1,0,6.38,90.0,0.0,0.0,,38.0,44.0,0.0,0.03,0.03,,3.0,53.0,0.0,4.0,0.0,2.0,4.0,8.0,0.0,,,1.0,0.0,,0.0,3.0,1.0,6.0,2.0,4.0,6.0,2.0,2.0,2.0,1.0
Ángel Romero,265996,152763,10077,Boca Juniors,False,[],29,,3,5261537,3,Cruzeiro,9781,Boca Juniors,10077,2026-04-29T00:30:00.000Z,1,0,,,,,,,,,,,,,,,,,,,,,,,,,,,,,,,,,,,,
Lucas Silva,346004,120536,9781,Cruzeiro,False,[],16,,2,5261537,3,Cruzeiro,9781,Boca Juniors,10077,2026-04-29T00:30:00.000Z,1,0,,,,,,,,,,,,,,,,,,,,,,,,,,,,,,,,,,,,
Lucas Villalba,384587,130048,9781,Cruzeiro,False,[],25,,1,5261537,3,Cruzeiro,9781,Boca Juniors,10077,2026-04-29T00:30:00.000Z,1,0,,,,,,,,,,,,,,,,,,,,,,,,,,,,,,,,,,,,
Lucas Daniel Romero,388605,131413,9781,Cruzeiro,False,"[{'title': 'Top stats', 'key': 'top_stats', 'stats': {'FotMob rating': {'key': 'rating_title', 'stat': {'value': 7.09, 'type': 'double'}}, 'Minutes played': {'key': 'minutes_played', 'stat': {'value': 75, 'type': 'integer'}}, 'Goals': {'key': 'goals', 'stat': {'value': 0, 'type': 'integer'}}, 'Assists': {'key': 'assists', 'stat': {'value': 0, 'type': 'integer'}}, 'Expected assists (xA)': {'key': 'expected_assists', 'stat': {'value': 0.03, 'type': 'double'}}, 'xG + xA': {'key': 'xg_and_xa', 'stat': {'value': 0.03, 'type': 'double'}}, 'Accurate passes': {'key': 'accurate_passes', 'stat': {'value': 52, 'total': 54, 'type': 'fractionWithPercentage'}}, 'Chances created': {'key': 'chances_created', 'stat': {'value': 0, 'type': 'integer'}}, 'Shotmap': {'key': None, 'stat': {'value': 0, 'type': 'boolean'}}, 'Defensive actions': {'key': 'defensive_actions', 'stat': {'value': 2, 'type': 'integer'}}}}, {'title': 'Attack', 'key': 'attack', 'stats': {'Touches': {'key': 'touches', 'stat': {'value': 61, 'type': 'integer'}}, 'Touches in opposition box': {'key': 'touches_opp_box', 'stat': {'value': 0, 'type': 'integer'}}, 'Passes into final third': {'key': 'passes_into_final_third', 'stat': {'value': 10, 'type': 'integer'}}, 'Accurate long balls': {'key': 'long_balls_accurate', 'stat': {'value': 6, 'total': 8, 'type': 'fractionWithPercentage'}}, 'Dispossessed': {'key': 'dispossessed', 'stat': {'value': 0, 'type': 'integer'}}}}, {'title': 'Defense', 'key': 'defense', 'stats': {'Defensive actions': {'key': 'defensive_actions', 'stat': {'value': 2, 'type': 'integer'}}, 'Tackles': {'key': 'matchstats.headers.tackles', 'stat': {'value': 2, 'type': 'integer'}}, 'Blocks': {'key': 'shot_blocks', 'stat': {'value': 0, 'type': 'integer'}}, 'Clearances': {'key': 'clearances', 'stat': {'value': 0, 'type': 'integer'}}, 'Interceptions': {'key': 'interceptions', 'stat': {'value': 0, 'type': 'integer'}}, 'Recoveries': {'key': 'recoveries', 'stat': {'value': 3, 'type': 'integer'}}, 'Dribbled past': {'key': 'dribbled_past', 'stat': {'value': 0, 'type': 'integer'}}}}, {'title': 'Duels', 'key': 'duels', 'stats': {'Ground duels won': {'key': 'ground_duels_won', 'stat': {'value': 3, 'total': 4, 'type': 'fractionWithPercentage'}}, 'Aerial duels won': {'key': 'aerials_won', 'stat': {'value': 0, 'total': 0, 'type': 'fractionWithPercentage'}}, 'Was fouled': {'key': 'was_fouled', 'stat': {'value': 1, 'type': 'integer'}}, 'Fouls committed': {'key': 'fouls', 'stat': {'value': 1, 'type': 'integer'}}, 'Duels won': {'key': 'duel_won', 'stat': {'value': 3, 'type': 'integer'}, 'hideInPopupCard': True}, 'Duels lost': {'key': 'duel_lost', 'stat': {'value': 1, 'type': 'integer'}, 'hideInPopupCard': True}}}]",29,64,2,5261537,3,Cruzeiro,9781,Boca Juniors,10077,2026-04-29T00:30:00.000Z,1,0,7.09,75.0,0.0,0.0,,52.0,54.0,0.0,0.03,0.03,,2.0,61.0,0.0,10.0,,,6.0,8.0,0.0,,,0.0,0.0,,0.0,3.0,0.0,3.0,1.0,3.0,4.0,0.0,0.0,1.0,1.0
Wanderson,389202,126287,9781,Cruzeiro,False,[],94,,3,5261537,3,Cruzeiro,9781,Boca Juniors,10077,2026-04-29T00:30:00.000Z,1,0,,,,,,,,,,,,,,,,,,,,,,,,,,,,,,,,,,,,
Matheus Pereira,522651,210407,9781,Cruzeiro,False,"[{'title': 'Top stats', 'key': 'top_stats', 'stats': {'FotMob rating': {'key': 'rating_title', 'stat': {'value': 7.56, 'type': 'double'}}, 'Minutes played': {'key': 'minutes_played', 'stat': {'value': 90, 'type': 'integer'}}, 'Goals': {'key': 'goals', 'stat': {'value': 0, 'type': 'integer'}}, 'Assists': {'key': 'assists', 'stat': {'value': 0, 'type': 'integer'}}, 'Expected goals (xG)': {'key': 'expected_goals', 'stat': {'value': 0.03, 'type': 'double'}}, 'Expected goals on target (xGOT)': {'key': 'expected_goals_on_target_variant', 'stat': {'type': 'double'}}, 'Expected assists (xA)': {'key': 'expected_assists', 'stat': {'value': 0.31, 'type': 'double'}}, 'xG + xA': {'key': 'xg_and_xa', 'stat': {'value': 0.33999999999999997, 'type': 'double'}}, 'Accurate passes': {'key': 'accurate_passes', 'stat': {'value': 49, 'total': 55, 'type': 'fractionWithPercentage'}}, 'Chances created': {'key': 'chances_created', 'stat': {'value': 3, 'type': 'integer'}}, 'Big chances created': {'key': 'big_chance_created_team_title', 'stat': {'value': 1, 'type': 'integer'}}, 'Shots on target': {'key': 'ShotsOnTarget', 'stat': {'value': 0, 'type': 'integer'}}, 'Shots off target': {'key': 'ShotsOffTarget', 'stat': {'value': 0, 'type': 'integer'}}, 'Blocked shots': {'key': 'blocked_shots', 'stat': {'value': 1, 'type': 'integer'}}, 'Shotmap': {'key': None, 'stat': {'value': 1, 'type': 'boolean'}}, 'Defensive actions': {'key': 'defensive_actions', 'stat': {'value': 1, 'type': 'integer'}}}}, {'title': 'Attack', 'key': 'attack', 'stats': {'Touches': {'key': 'touches', 'stat': {'value': 71, 'type': 'integer'}}, 'Touches in opposition box': {'key': 'touches_opp_box', 'stat': {'value': 0, 'type': 'integer'}}, 'Successful dribbles': {'key': 'dribbles_succeeded', 'stat': {'value': 1, 'total': 2, 'type': 'fractionWithPercentage'}}, 'Passes into final third': {'key': 'passes_into_final_third', 'stat': {'value': 9, 'type': 'integer'}}, 'Accurate crosses': {'key': 'accurate_crosses', 'stat': {'value': 4, 'total': 6, 'type': 'fractionWithPercentage'}}, 'Accurate long balls': {'key': 'long_balls_accurate', 'stat': {'value': 4, 'total': 6, 'type': 'fractionWithPercentage'}}, 'Corners': {'key': 'corners', 'stat': {'value': 5, 'type': 'integer'}}, 'Dispossessed': {'key': 'dispossessed', 'stat': {'value': 0, 'type': 'integer'}}, 'xG Non-penalty': {'key': 'expected_goals_non_penalty', 'stat': {'value': 0.03, 'type': 'double'}}}}, {'title': 'Defense', 'key': 'defense', 'stats': {'Defensive actions': {'key': 'defensive_actions', 'stat': {'value': 1, 'type': 'integer'}}, 'Tackles': {'key': 'matchstats.headers.tackles', 'stat': {'value': 1, 'type': 'integer'}}, 'Blocks': {'key': 'shot_blocks', 'stat': {'value': 0, 'type': 'integer'}}, 'Clearances': {'key': 'clearances', 'stat': {'value': 0, 'type': 'integer'}}, 'Interceptions': {'key': 'interceptions', 'stat': {'value': 0, 'type': 'integer'}}, 'Recoveries': {'key': 'recoveries', 'stat': {'value': 3, 'type': 'integer'}}, 'Dribbled past': {'key': 'dribbled_past', 'stat': {'value': 0, 'type': 'integer'}}}}, {'title': 'Duels', 'key': 'duels', 'stats': {'Ground duels won': {'key': 'ground_duels_won', 'stat': {'value': 4, 'total': 6, 'type': 'fractionWithPercentage'}}, 'Aerial duels won': {'key': 'aerials_won', 'stat': {'value': 0, 'total': 2, 'type': 'fractionWithPercentage'}}, 'Was fouled': {'key': 'was_fouled', 'stat': {'value': 2, 'type': 'integer'}}, 'Fouls committed': {'key': 'fouls', 'stat': {'value': 1, 'type': 'integer'}}, 'Duels won': {'key': 'duel_won', 'stat': {'value': 4, 'type': 'integer'}, 'hideInPopupCard': True}, 'Duels lost': {'key': 'duel_lost', 'stat': {'value': 4, 'type': 'integer'}, 'hideInPopupCard': True}}}]",10,85,2,5261537,3,Cruzeiro,9781,Boca Juniors,10077,2026-04-29T00:30:00.000Z,1,0,7.56,90.0,0.0,0.0,,49.0,55.0,3.0,0.31,0.33999999999999997,,1.0,71.0,0.0,9.0,4.0,6.0,4.0,6.0,0.0,,,0.0,0.0,,0.0,3.0,0.0,4.0,4.0,4.0,6.0,0.0,2.0,2.0,1.0
Nicolás Figal,561037,169746,10077,Boca Juniors,False,"[{'title': 'Top stats', 'key': 'top_stats', 'stats': {'FotMob rating': {'key': 'rating_title', 'stat': {'value': 5.95, 'type': 'double'}}, 'Minutes played': {'key': 'minutes_played', 'stat': {'value': 28, 'type': 'integer'}}, 'Goals': {'key': 'goals', 'stat': {'value': 0, 'type': 'integer'}}, 'Assists': {'key': 'assists', 'stat': {'value': 0, 'type': 'integer'}}, 'Accurate passes': {'key': 'accurate_passes', 'stat': {'value': 1, 'total': 1, 'type': 'fractionWithPercentage'}}, 'Chances created': {'key': 'chances_created', 'stat': {'value': 0, 'type': 'integer'}}, 'Shotmap': {'key': None, 'stat': {'value': 0, 'type': 'boolean'}}, 'Defensive actions': {'key': 'defensive_actions', 'stat': {'value': 1, 'type': 'integer'}}}}, {'title': 'Attack', 'key': 'attack', 'stats': {'Touches': {'key': 'touches', 'stat': {'value': 2, 'type': 'integer'}}, 'Touches in opposition box': {'key': 'touches_opp_box', 'stat': {'value': 0, 'type': 'integer'}}, 'Dispossessed': {'key': 'dispossessed', 'stat': {'value': 0, 'type': 'integer'}}}}, {'title': 'Defense', 'key': 'defense', 'stats': {'Defensive actions': {'key': 'defensive_actions', 'stat': {'value': 1, 'type': 'integer'}}, 'Tackles': {'key': 'matchstats.headers.tackles', 'stat': {'value': 0, 'type': 'integer'}}, 'Blocks': {'key': 'shot_blocks', 'stat': {'value': 1, 'type': 'integer'}}, 'Clearances': {'key': 'clearances', 'stat': {'value': 0, 'type': 'integer'}}, 'Interceptions': {'key': 'interceptions', 'stat': {'value': 0, 'type': 'integer'}}, 'Recoveries': {'key': 'recoveries', 'stat': {'value': 0, 'type': 'integer'}}, 'Dribbled past': {'key': 'dribbled_past', 'stat': {'value': 0, 'type': 'integer'}}}}, {'title': 'Duels', 'key': 'duels', 'stats': {'Aerial duels won': {'key': 'aerials_won', 'stat': {'value': 0, 'total': 0, 'type': 'fractionWithPercentage'}}, 'Was fouled': {'key': 'was_fouled', 'stat': {'type': 'integer'}}, 'Fouls committed': {'key': 'fouls', 'stat': {'value': 0, 'type': 'integer'}}}}]",4,,1,5261537,3,Cruzeiro,9781,Boca Juniors,10077,2026-04-29T00:30:00.000Z,1,0,5.95,28.0,0.0,0.0,,1.0,1.0,0.0,,,,1.0,2.0,0.0,,,,,,0.0,,,1.0,0.0,,0.0,0.0,0.0,,,,,0.0,0.0,,0.0
Gérson,580604,196850,9781,Cruzeiro,False,"[{'title': 'Top stats', 'key': 'top_stats', 'stats': {'FotMob rating': {'key': 'rating_title', 'stat': {'value': 7.35, 'type': 'double'}}, 'Minutes played': {'key': 'minutes_played', 'stat': {'value': 90, 'type': 'integer'}}, 'Goals': {'key': 'goals', 'stat': {'value': 0, 'type': 'integer'}}, 'Assists': {'key': 'assists', 'stat': {'value': 0, 'type': 'integer'}}, 'Expected assists (xA)': {'key': 'expected_assists', 'stat': {'value': 0.04, 'type': 'double'}}, 'xG + xA': {'key': 'xg_and_xa', 'stat': {'value': 0.04, 'type': 'double'}}, 'Accurate passes': {'key': 'accurate_passes', 'stat': {'value': 68, 'total': 72, 'type': 'fractionWithPercentage'}}, 'Chances created': {'key': 'chances_created', 'stat': {'value': 0, 'type': 'integer'}}, 'Shotmap': {'key': None, 'stat': {'value': 0, 'type': 'boolean'}}, 'Defensive actions': {'key': 'defensive_actions', 'stat': {'value': 2, 'type': 'integer'}}}}, {'title': 'Attack', 'key': 'attack', 'stats': {'Touches': {'key': 'touches', 'stat': {'value': 91, 'type': 'integer'}}, 'Touches in opposition box': {'key': 'touches_opp_box', 'stat': {'value': 0, 'type': 'integer'}}, 'Successful dribbles': {'key': 'dribbles_succeeded', 'stat': {'value': 0, 'total': 1, 'type': 'fractionWithPercentage'}}, 'Passes into final third': {'key': 'passes_into_final_third', 'stat': {'value': 12, 'type': 'integer'}}, 'Accurate crosses': {'key': 'accurate_crosses', 'stat': {'value': 0, 'total': 2, 'type': 'fractionWithPercentage'}}, 'Accurate long balls': {'key': 'long_balls_accurate', 'stat': {'value': 4, 'total': 6, 'type': 'fractionWithPercentage'}}, 'Dispossessed': {'key': 'dispossessed', 'stat': {'value': 2, 'type': 'integer'}}}}, {'title': 'Defense', 'key': 'defense', 'stats': {'Defensive actions': {'key': 'defensive_actions', 'stat': {'value': 2, 'type': 'integer'}}, 'Tackles': {'key': 'matchstats.headers.tackles', 'stat': {'value': 0, 'type': 'integer'}}, 'Blocks': {'key': 'shot_blocks', 'stat': {'value': 0, 'type': 'integer'}}, 'Clearances': {'key': 'clearances', 'stat': {'value': 1, 'type': 'integer'}}, 'Headed clearance': {'key': 'headed_clearance', 'stat': {'value': 1, 'type': 'integer'}}, 'Interceptions': {'key': 'interceptions', 'stat': {'value': 1, 'type': 'integer'}}, 'Recoveries': {'key': 'recoveries', 'stat': {'value': 3, 'type': 'integer'}}, 'Dribbled past': {'key': 'dribbled_past', 'stat': {'value': 0, 'type': 'integer'}}}}, {'title': 'Duels', 'key': 'duels', 'stats': {'Ground duels won': {'key': 'ground_duels_won', 'stat': {'value': 4, 'total': 8, 'type': 'fractionWithPercentage'}}, 'Aerial duels won': {'key': 'aerials_won', 'stat': {'value': 5, 'total': 5, 'type': 'fractionWithPercentage'}}, 'Was fouled': {'key': 'was_fouled', 'stat': {'value': 5, 'type': 'integer'}}, 'Fouls committed': {'key': 'fouls', 'stat': {'value': 1, 'type': 'integer'}}, 'Duels won': {'key': 'duel_won', 'stat': {'value': 9, 'type': 'integer'}, 'hideInPopupCard': True}, 'Duels lost': {'key': 'duel_lost', 'stat': {'value': 4, 'type': 'integer'}, 'hideInPopupCard': True}}}]",11,66,2,5261537,3,Cruzeiro,9781,Boca Juniors,10077,2026-04-29T00:30:00.000Z,1,0,7.35,90.0,0.0,0.0,,68.0,72.0,0.0,0.04,0.04,,2.0,91.0,0.0,12.0,0.0,2.0,4.0,6.0,2.0,,,0.0,1.0,1.0,1.0,3.0,0.0,9.0,4.0,4.0,8.0,5.0,5.0,5.0,1.0
William,581920,197115,9781,Cruzeiro,False,[],12,,1,5261537,3,Cruzeiro,9781,Boca Juniors,10077,2026-04-29T00:30:00.000Z,1,0,,,,,,,,,,,,,,,,,,,,,,,,,,,,,,,,,,,,
Milton Giménez,670344,521142,10077,Boca Juniors,False,[],9,,3,5261537,3,Cruzeiro,9781,Boca Juniors,10077,2026-04-29T00:30:00.000Z,1,0,,,,,,,,,,,,,,,,,,,,,,,,,,,,,,,,,,,,
Bruno Rodrigues,683709,217646,9781,Cruzeiro,False,"[{'title': 'Top stats', 'key': 'top_stats', 'stats': {'FotMob rating': {'key': 'rating_title', 'stat': {'value': 6.8, 'type': 'double'}}, 'Minutes played': {'key': 'minutes_played', 'stat': {'value': 15, 'type': 'integer'}}, 'Goals': {'key': 'goals', 'stat': {'value': 0, 'type': 'integer'}}, 'Assists': {'key': 'assists', 'stat': {'value': 0, 'type': 'integer'}}, 'Expected assists (xA)': {'key': 'expected_assists', 'stat': {'value': 0.24, 'type': 'double'}}, 'xG + xA': {'key': 'xg_and_xa', 'stat': {'value': 0.24, 'type': 'double'}}, 'Accurate passes': {'key': 'accurate_passes', 'stat': {'value': 5, 'total': 6, 'type': 'fractionWithPercentage'}}, 'Chances created': {'key': 'chances_created', 'stat': {'value': 0, 'type': 'integer'}}, 'Shotmap': {'key': None, 'stat': {'value': 0, 'type': 'boolean'}}, 'Defensive actions': {'key': 'defensive_actions', 'stat': {'value': 1, 'type': 'integer'}}}}, {'title': 'Attack', 'key': 'attack', 'stats': {'Touches': {'key': 'touches', 'stat': {'value': 12, 'type': 'integer'}}, 'Touches in opposition box': {'key': 'touches_opp_box', 'stat': {'value': 0, 'type': 'integer'}}, 'Successful dribbles': {'key': 'dribbles_succeeded', 'stat': {'value': 2, 'total': 2, 'type': 'fractionWithPercentage'}}, 'Passes into final third': {'key': 'passes_into_final_third', 'stat': {'value': 1, 'type': 'integer'}}, 'Accurate crosses': {'key': 'accurate_crosses', 'stat': {'value': 0, 'total': 1, 'type': 'fractionWithPercentage'}}, 'Dispossessed': {'key': 'dispossessed', 'stat': {'value': 0, 'type': 'integer'}}}}, {'title': 'Defense', 'key': 'defense', 'stats': {'Defensive actions': {'key': 'defensive_actions', 'stat': {'value': 1, 'type': 'integer'}}, 'Tackles': {'key': 'matchstats.headers.tackles', 'stat': {'value': 1, 'type': 'integer'}}, 'Blocks': {'key': 'shot_blocks', 'stat': {'value': 0, 'type': 'integer'}}, 'Clearances': {'key': 'clearances', 'stat': {'value': 0, 'type': 'integer'}}, 'Interceptions': {'key': 'interceptions', 'stat': {'value': 0, 'type': 'integer'}}, 'Recoveries': {'key': 'recoveries', 'stat': {'value': 1, 'type': 'integer'}}, 'Dribbled past': {'key': 'dribbled_past', 'stat': {'value': 0, 'type': 'integer'}}}}, {'title': 'Duels', 'key': 'duels', 'stats': {'Ground duels won': {'key': 'ground_duels_won', 'stat': {'value': 4, 'total': 4, 'type': 'fractionWithPercentage'}}, 'Aerial duels won': {'key': 'aerials_won', 'stat': {'value': 0, 'total': 0, 'type': 'fractionWithPercentage'}}, 'Was fouled': {'key': 'was_fouled', 'stat': {'value': 1, 'type': 'integer'}}, 'Fouls committed': {'key': 'fouls', 'stat': {'value': 0, 'type': 'integer'}}, 'Duels won': {'key': 'duel_won', 'stat': {'value': 4, 'type': 'integer'}, 'hideInPopupCard': True}}}]",9,,3,5261537,3,Cruzeiro,9781,Boca Juniors,10077,2026-04-29T00:30:00.000Z,1,0,6.8,15.0,0.0,0.0,,5.0,6.0,0.0,0.24,0.24,,1.0,12.0,0.0,1.0,0.0,1.0,,,0.0,,,0.0,0.0,,0.0,1.0,0.0,4.0,,4.0,4.0,0.0,0.0,1.0,0.0
Santiago Ascacíbar,724854,221543,10077,Boca Juniors,False,"[{'title': 'Top stats', 'key': 'top_stats', 'stats': {'FotMob rating': {'key': 'rating_title', 'stat': {'value': 6.16, 'type': 'double'}}, 'Minutes played': {'key': 'minutes_played', 'stat': {'value': 90, 'type': 'integer'}}, 'Goals': {'key': 'goals', 'stat': {'value': 0, 'type': 'integer'}}, 'Assists': {'key': 'assists', 'stat': {'value': 0, 'type': 'integer'}}, 'Expected assists (xA)': {'key': 'expected_assists', 'stat': {'value': 0.01, 'type': 'double'}}, 'xG + xA': {'key': 'xg_and_xa', 'stat': {'value': 0.01, 'type': 'double'}}, 'Accurate passes': {'key': 'accurate_passes', 'stat': {'value': 11, 'total': 16, 'type': 'fractionWithPercentage'}}, 'Chances created': {'key': 'chances_created', 'stat': {'value': 0, 'type': 'integer'}}, 'Shotmap': {'key': None, 'stat': {'value': 0, 'type': 'boolean'}}, 'Defensive actions': {'key': 'defensive_actions', 'stat': {'value': 5, 'type': 'integer'}}}}, {'title': 'Attack', 'key': 'attack', 'stats': {'Touches': {'key': 'touches', 'stat': {'value': 30, 'type': 'integer'}}, 'Touches in opposition box': {'key': 'touches_opp_box', 'stat': {'value': 1, 'type': 'integer'}}, 'Passes into final third': {'key': 'passes_into_final_third', 'stat': {'value': 4, 'type': 'integer'}}, 'Accurate long balls': {'key': 'long_balls_accurate', 'stat': {'value': 2, 'total': 4, 'type': 'fractionWithPercentage'}}, 'Dispossessed': {'key': 'dispossessed', 'stat': {'value': 1, 'type': 'integer'}}}}, {'title': 'Defense', 'key': 'defense', 'stats': {'Defensive actions': {'key': 'defensive_actions', 'stat': {'value': 5, 'type': 'integer'}}, 'Tackles': {'key': 'matchstats.headers.tackles', 'stat': {'value': 3, 'type': 'integer'}}, 'Blocks': {'key': 'shot_blocks', 'stat': {'value': 0, 'type': 'integer'}}, 'Clearances': {'key': 'clearances', 'stat': {'value': 2, 'type': 'integer'}}, 'Interceptions': {'key': 'interceptions', 'stat': {'value': 0, 'type': 'integer'}}, 'Recoveries': {'key': 'recoveries', 'stat': {'value': 4, 'type': 'integer'}}, 'Dribbled past': {'key': 'dribbled_past', 'stat': {'value': 1, 'type': 'integer'}}}}, {'title': 'Duels', 'key': 'duels', 'stats': {'Ground duels won': {'key': 'ground_duels_won', 'stat': {'value': 3, 'total': 5, 'type': 'fractionWithPercentage'}}, 'Aerial duels won': {'key': 'aerials_won', 'stat': {'value': 0, 'total': 2, 'type': 'fractionWithPercentage'}}, 'Was fouled': {'key': 'was_fouled', 'stat': {'type': 'integer'}}, 'Fouls committed': {'key': 'fouls', 'stat': {'value': 1, 'type': 'integer'}}, 'Duels won': {'key': 'duel_won', 'stat': {'value': 3, 'type': 'integer'}, 'hideInPopupCard': True}, 'Duels lost': {'key': 'duel_lost', 'stat': {'value': 4, 'type': 'integer'}, 'hideInPopupCard': True}}}]",25,72,2,5261537,3,Cruzeiro,9781,Boca Juniors,10077,2026-04-29T00:30:00.000Z,1,0,6.16,90.0,0.0,0.0,,11.0,16.0,0.0,0.01,0.01,,5.0,30.0,1.0,4.0,,,2.0,4.0,1.0,,,0.0,2.0,,0.0,4.0,1.0,3.0,4.0,3.0,5.0,0.0,2.0,,1.0
Fabrício Bruno,750046,225817,9781,Cruzeiro,False,"[{'title': 'Top stats', 'key': 'top_stats', 'stats': {'FotMob rating': {'key': 'rating_title', 'stat': {'value': 7.84, 'type': 'double'}}, 'Minutes played': {'key': 'minutes_played', 'stat': {'value': 90, 'type': 'integer'}}, 'Goals': {'key': 'goals', 'stat': {'value': 0, 'type': 'integer'}}, 'Assists': {'key': 'assists', 'stat': {'value': 0, 'type': 'integer'}}, 'Expected goals (xG)': {'key': 'expected_goals', 'stat': {'value': 0.15, 'type': 'double'}}, 'Expected goals on target (xGOT)': {'key': 'expected_goals_on_target_variant', 'stat': {'type': 'double'}}, 'Expected assists (xA)': {'key': 'expected_assists', 'stat': {'value': 0.01, 'type': 'double'}}, 'xG + xA': {'key': 'xg_and_xa', 'stat': {'value': 0.16, 'type': 'double'}}, 'Accurate passes': {'key': 'accurate_passes', 'stat': {'value': 54, 'total': 58, 'type': 'fractionWithPercentage'}}, 'Chances created': {'key': 'chances_created', 'stat': {'value': 1, 'type': 'integer'}}, 'Shots on target': {'key': 'ShotsOnTarget', 'stat': {'value': 0, 'type': 'integer'}}, 'Shots off target': {'key': 'ShotsOffTarget', 'stat': {'value': 2, 'type': 'integer'}}, 'Blocked shots': {'key': 'blocked_shots', 'stat': {'value': 1, 'type': 'integer'}}, 'Shot accuracy': {'key': 'shot_accuracy', 'stat': {'value': 0, 'total': 2, 'type': 'fractionWithPercentage'}}, 'Shotmap': {'key': None, 'stat': {'value': 1, 'type': 'boolean'}}, 'Defensive actions': {'key': 'defensive_actions', 'stat': {'value': 9, 'type': 'integer'}}}}, {'title': 'Attack', 'key': 'attack', 'stats': {'Big chances missed': {'key': 'big_chance_missed_title', 'stat': {'value': 1, 'type': 'integer'}}, 'Touches': {'key': 'touches', 'stat': {'value': 71, 'type': 'integer'}}, 'Touches in opposition box': {'key': 'touches_opp_box', 'stat': {'value': 4, 'type': 'integer'}}, 'Passes into final third': {'key': 'passes_into_final_third', 'stat': {'value': 9, 'type': 'integer'}}, 'Accurate long balls': {'key': 'long_balls_accurate', 'stat': {'value': 6, 'total': 8, 'type': 'fractionWithPercentage'}}, 'Dispossessed': {'key': 'dispossessed', 'stat': {'value': 0, 'type': 'integer'}}, 'xG Non-penalty': {'key': 'expected_goals_non_penalty', 'stat': {'value': 0.15, 'type': 'double'}}}}, {'title': 'Defense', 'key': 'defense', 'stats': {'Defensive actions': {'key': 'defensive_actions', 'stat': {'value': 9, 'type': 'integer'}}, 'Tackles': {'key': 'matchstats.headers.tackles', 'stat': {'value': 1, 'type': 'integer'}}, 'Blocks': {'key': 'shot_blocks', 'stat': {'value': 0, 'type': 'integer'}}, 'Clearances': {'key': 'clearances', 'stat': {'value': 8, 'type': 'integer'}}, 'Headed clearance': {'key': 'headed_clearance', 'stat': {'value': 6, 'type': 'integer'}}, 'Interceptions': {'key': 'interceptions', 'stat': {'value': 0, 'type': 'integer'}}, 'Recoveries': {'key': 'recoveries', 'stat': {'value': 3, 'type': 'integer'}}, 'Dribbled past': {'key': 'dribbled_past', 'stat': {'value': 0, 'type': 'integer'}}}}, {'title': 'Duels', 'key': 'duels', 'stats': {'Ground duels won': {'key': 'ground_duels_won', 'stat': {'value': 1, 'total': 1, 'type': 'fractionWithPercentage'}}, 'Aerial duels won': {'key': 'aerials_won', 'stat': {'value': 6, 'total': 6, 'type': 'fractionWithPercentage'}}, 'Was fouled': {'key': 'was_fouled', 'stat': {'type': 'integer'}}, 'Fouls committed': {'key': 'fouls', 'stat': {'value': 0, 'type': 'integer'}}, 'Duels won': {'key': 'duel_won', 'stat': {'value': 7, 'type': 'integer'}, 'hideInPopupCard': True}}}]",15,34,1,5261537,3,Cruzeiro,9781,Boca Juniors,10077,2026-04-29T00:30:00.000Z,1,0,7.84,90.0,0.0,0.0,,54.0,58.0,1.0,0.01,0.16,,9.0,71.0,4.0,9.0,,,6.0,8.0,0.0,,,0.0,8.0,6.0,0.0,3.0,0.0,7.0,,1.0,1.0,6.0,6.0,,0.0
Miguel Merentiel,826418,432319,10077,Boca Juniors,False,"[{'title': 'Top stats', 'key': 'top_stats', 'stats': {'FotMob rating': {'key': 'rating_title', 'stat': {'value': 6.15, 'type': 'double'}}, 'Minutes played': {'key': 'minutes_played', 'stat': {'value': 62, 'type': 'integer'}}, 'Goals': {'key': 'goals', 'stat': {'value': 0, 'type': 'integer'}}, 'Assists': {'key': 'assists', 'stat': {'value': 0, 'type': 'integer'}}, 'Accurate passes': {'key': 'accurate_passes', 'stat': {'value': 12, 'total': 15, 'type': 'fractionWithPercentage'}}, 'Chances created': {'key': 'chances_created', 'stat': {'value': 0, 'type': 'integer'}}, 'Shotmap': {'key': None, 'stat': {'value': 0, 'type': 'boolean'}}, 'Defensive actions': {'key': 'defensive_actions', 'stat': {'value': 1, 'type': 'integer'}}}}, {'title': 'Attack', 'key': 'attack', 'stats': {'Touches': {'key': 'touches', 'stat': {'value': 22, 'type': 'integer'}}, 'Touches in opposition box': {'key': 'touches_opp_box', 'stat': {'value': 1, 'type': 'integer'}}, 'Accurate crosses': {'key': 'accurate_crosses', 'stat': {'value': 0, 'total': 1, 'type': 'fractionWithPercentage'}}, 'Accurate long balls': {'key': 'long_balls_accurate', 'stat': {'value': 1, 'total': 1, 'type': 'fractionWithPercentage'}}, 'Dispossessed': {'key': 'dispossessed', 'stat': {'value': 0, 'type': 'integer'}}}}, {'title': 'Defense', 'key': 'defense', 'stats': {'Defensive actions': {'key': 'defensive_actions', 'stat': {'value': 1, 'type': 'integer'}}, 'Tackles': {'key': 'matchstats.headers.tackles', 'stat': {'value': 0, 'type': 'integer'}}, 'Blocks': {'key': 'shot_blocks', 'stat': {'value': 0, 'type': 'integer'}}, 'Clearances': {'key': 'clearances', 'stat': {'value': 0, 'type': 'integer'}}, 'Interceptions': {'key': 'interceptions', 'stat': {'value': 1, 'type': 'integer'}}, 'Recoveries': {'key': 'recoveries', 'stat': {'value': 2, 'type': 'integer'}}, 'Dribbled past': {'key': 'dribbled_past', 'stat': {'value': 0, 'type': 'integer'}}}}, {'title': 'Duels', 'key': 'duels', 'stats': {'Aerial duels won': {'key': 'aerials_won', 'stat': {'value': 1, 'total': 2, 'type': 'fractionWithPercentage'}}, 'Was fouled': {'key': 'was_fouled', 'stat': {'value': 1, 'type': 'integer'}}, 'Fouls committed': {'key': 'fouls', 'stat': {'value': 0, 'type': 'integer'}}, 'Duels won': {'key': 'duel_won', 'stat': {'value': 1, 'type': 'integer'}, 'hideInPopupCard': True}, 'Duels lost': {'key': 'duel_lost', 'stat': {'value': 1, 'type': 'integer'}, 'hideInPopupCard': True}}}]",16,104,3,5261537,3,Cruzeiro,9781,Boca Juniors,10077,2026-04-29T00:30:00.000Z,1,0,6.15,62.0,0.0,0.0,,12.0,15.0,0.0,,,,1.0,22.0,1.0,,0.0,1.0,1.0,1.0,0.0,,,0.0,0.0,,1.0,2.0,0.0,1.0,1.0,,,1.0,2.0,1.0,0.0
Adam Bareiro,845370,228619,10077,Boca Juniors,False,"[{'title': 'Top stats', 'key': 'top_stats', 'stats': {'FotMob rating': {'key': 'rating_title', 'stat': {'value': 4.05, 'type': 'double'}}, 'Minutes played': {'key': 'minutes_played', 'stat': {'value': 45, 'type': 'integer'}}, 'Goals': {'key': 'goals', 'stat': {'value': 0, 'type': 'integer'}}, 'Assists': {'key': 'assists', 'stat': {'value': 0, 'type': 'integer'}}, 'Accurate passes': {'key': 'accurate_passes', 'stat': {'value': 8, 'total': 11, 'type': 'fractionWithPercentage'}}, 'Chances created': {'key': 'chances_created', 'stat': {'value': 0, 'type': 'integer'}}, 'Shotmap': {'key': None, 'stat': {'value': 0, 'type': 'boolean'}}, 'Defensive actions': {'key': 'defensive_actions', 'stat': {'value': 2, 'type': 'integer'}}}}, {'title': 'Attack', 'key': 'attack', 'stats': {'Touches': {'key': 'touches', 'stat': {'value': 24, 'type': 'integer'}}, 'Touches in opposition box': {'key': 'touches_opp_box', 'stat': {'value': 1, 'type': 'integer'}}, 'Successful dribbles': {'key': 'dribbles_succeeded', 'stat': {'value': 0, 'total': 1, 'type': 'fractionWithPercentage'}}, 'Dispossessed': {'key': 'dispossessed', 'stat': {'value': 2, 'type': 'integer'}}}}, {'title': 'Defense', 'key': 'defense', 'stats': {'Defensive actions': {'key': 'defensive_actions', 'stat': {'value': 2, 'type': 'integer'}}, 'Tackles': {'key': 'matchstats.headers.tackles', 'stat': {'value': 0, 'type': 'integer'}}, 'Blocks': {'key': 'shot_blocks', 'stat': {'value': 1, 'type': 'integer'}}, 'Clearances': {'key': 'clearances', 'stat': {'value': 1, 'type': 'integer'}}, 'Headed clearance': {'key': 'headed_clearance', 'stat': {'value': 1, 'type': 'integer'}}, 'Interceptions': {'key': 'interceptions', 'stat': {'value': 0, 'type': 'integer'}}, 'Recoveries': {'key': 'recoveries', 'stat': {'value': 0, 'type': 'integer'}}, 'Dribbled past': {'key': 'dribbled_past', 'stat': {'value': 0, 'type': 'integer'}}}}, {'title': 'Duels', 'key': 'duels', 'stats': {'Ground duels won': {'key': 'ground_duels_won', 'stat': {'value': 0, 'total': 8, 'type': 'fractionWithPercentage'}}, 'Aerial duels won': {'key': 'aerials_won', 'stat': {'value': 1, 'total': 4, 'type': 'fractionWithPercentage'}}, 'Was fouled': {'key': 'was_fouled', 'stat': {'type': 'integer'}}, 'Fouls committed': {'key': 'fouls', 'stat': {'value': 5, 'type': 'integer'}}, 'Duels won': {'key': 'duel_won', 'stat': {'value': 1, 'type': 'integer'}, 'hideInPopupCard': True}, 'Duels lost': {'key': 'duel_lost', 'stat': {'value': 11, 'type': 'integer'}, 'hideInPopupCard': True}}}]",28,106,3,5261537,3,Cruzeiro,9781,Boca Juniors,10077,2026-04-29T00:30:00.000Z,1,0,4.05,45.0,0.0,0.0,,8.0,11.0,0.0,,,,2.0,24.0,1.0,,,,,,2.0,,,1.0,1.0,1.0,0.0,0.0,0.0,1.0,11.0,0.0,8.0,1.0,4.0,,5.0
Luis Sinisterra,846369,224995,9781,Cruzeiro,False,[],17,,3,5261537,3,Cruzeiro,9781,Boca Juniors,10077,2026-04-29T00:30:00.000Z,1,0,,,,,,,,,,,,,,,,,,,,,,,,,,,,,,,,,,,,
Tomás Belmonte,847984,245623,10077,Boca Juniors,False,[],30,,2,5261537,3,Cruzeiro,9781,Boca Juniors,10077,2026-04-29T00:30:00.000Z,1,0,,,,,,,,,,,,,,,,,,,,,,,,,,,,,,,,,,,,
Matheus Henrique,900043,440730,9781,Cruzeiro,False,"[{'title': 'Top stats', 'key': 'top_stats', 'stats': {'Minutes played': {'key': 'minutes_played', 'stat': {'value': 2, 'type': 'integer'}}, 'Goals': {'key': 'goals', 'stat': {'value': 0, 'type': 'integer'}}, 'Assists': {'key': 'assists', 'stat': {'value': 0, 'type': 'integer'}}, 'Expected assists (xA)': {'key': 'expected_assists', 'stat': {'value': 0.01, 'type': 'double'}}, 'xG + xA': {'key': 'xg_and_xa', 'stat': {'value': 0.01, 'type': 'double'}}, 'Accurate passes': {'key': 'accurate_passes', 'stat': {'value': 3, 'total': 4, 'type': 'fractionWithPercentage'}}, 'Chances created': {'key': 'chances_created', 'stat': {'value': 0, 'type': 'integer'}}, 'Shotmap': {'key': None, 'stat': {'value': 0, 'type': 'boolean'}}, 'Defensive actions': {'key': 'defensive_actions', 'stat': {'value': 0, 'type': 'integer'}}}}, {'title': 'Attack', 'key': 'attack', 'stats': {'Touches': {'key': 'touches', 'stat': {'value': 4, 'type': 'integer'}}, 'Touches in opposition box': {'key': 'touches_opp_box', 'stat': {'value': 0, 'type': 'integer'}}, 'Dispossessed': {'key': 'dispossessed', 'stat': {'value': 0, 'type': 'integer'}}}}, {'title': 'Defense', 'key': 'defense', 'stats': {'Defensive actions': {'key': 'defensive_actions', 'stat': {'value': 0, 'type': 'integer'}}, 'Tackles': {'key': 'matchstats.headers.tackles', 'stat': {'value': 0, 'type': 'integer'}}, 'Blocks': {'key': 'shot_blocks', 'stat': {'value': 0, 'type': 'integer'}}, 'Clearances': {'key': 'clearances', 'stat': {'value': 0, 'type': 'integer'}}, 'Interceptions': {'key': 'interceptions', 'stat': {'value': 0, 'type': 'integer'}}, 'Recoveries': {'key': 'recoveries', 'stat': {'value': 0, 'type': 'integer'}}, 'Dribbled past': {'key': 'dribbled_past', 'stat': {'value': 0, 'type': 'integer'}}}}, {'title': 'Duels', 'key': 'duels', 'stats': {'Aerial duels won': {'key': 'aerials_won', 'stat': {'value': 0, 'total': 0, 'type': 'fractionWithPercentage'}}, 'Was fouled': {'key': 'was_fouled', 'stat': {'type': 'integer'}}, 'Fouls committed': {'key': 'fouls', 'stat': {'value': 0, 'type': 'integer'}}}}]",8,,2,5261537,3,Cruzeiro,9781,Boca Juniors,10077,2026-04-29T00:30:00.000Z,1,0,,2.0,0.0,0.0,,3.0,4.0,0.0,0.01,0.01,,0.0,4.0,0.0,,,,,,0.0,,,0.0,0.0,,0.0,0.0,0.0,,,,,0.0,0.0,,0.0
Chico,923766,185588,9781,Cruzeiro,False,[],91,,3,5261537,3,Cruzeiro,9781,Boca Juniors,10077,2026-04-29T00:30:00.000Z,1,0,,,,,,,,,,,,,,,,,,,,,,,,,,,,,,,,,,,,
Malcom Braida,938003,429434,10077,Boca Juniors,False,[],27,,3,5261537,3,Cruzeiro,9781,Boca Juniors,10077,2026-04-29T00:30:00.000Z,1,0,,,,,,,,,,,,,,,,,,,,,,,,,,,,,,,,,,,,
Williams Alarcón,941949,451596,10077,Boca Juniors,False,[],15,,2,5261537,3,Cruzeiro,9781,Boca Juniors,10077,2026-04-29T00:30:00.000Z,1,0,,,,,,,,,,,,,,,,,,,,,,,,,,,,,,,,,,,,
Kaio Jorge,964661,466459,9781,Cruzeiro,False,"[{'title': 'Top stats', 'key': 'top_stats', 'stats': {'FotMob rating': {'key': 'rating_title', 'stat': {'value': 7.2, 'type': 'double'}}, 'Minutes played': {'key': 'minutes_played', 'stat': {'value': 88, 'type': 'integer'}}, 'Goals': {'key': 'goals', 'stat': {'value': 0, 'type': 'integer'}}, 'Assists': {'key': 'assists', 'stat': {'value': 1, 'type': 'integer'}}, 'Expected goals (xG)': {'key': 'expected_goals', 'stat': {'value': 0.08, 'type': 'double'}}, 'Expected goals on target (xGOT)': {'key': 'expected_goals_on_target_variant', 'stat': {'value': 0.14, 'type': 'double'}}, 'Expected assists (xA)': {'key': 'expected_assists', 'stat': {'value': 0.62, 'type': 'double'}}, 'xG + xA': {'key': 'xg_and_xa', 'stat': {'value': 0.7, 'type': 'double'}}, 'Accurate passes': {'key': 'accurate_passes', 'stat': {'value': 8, 'total': 10, 'type': 'fractionWithPercentage'}}, 'Chances created': {'key': 'chances_created', 'stat': {'value': 1, 'type': 'integer'}}, 'Big chances created': {'key': 'big_chance_created_team_title', 'stat': {'value': 1, 'type': 'integer'}}, 'Shots on target': {'key': 'ShotsOnTarget', 'stat': {'value': 1, 'type': 'integer'}}, 'Shots off target': {'key': 'ShotsOffTarget', 'stat': {'value': 0, 'type': 'integer'}}, 'Blocked shots': {'key': 'blocked_shots', 'stat': {'value': 1, 'type': 'integer'}}, 'Shot accuracy': {'key': 'shot_accuracy', 'stat': {'value': 1, 'total': 1, 'type': 'fractionWithPercentage'}}, 'Shotmap': {'key': None, 'stat': {'value': 1, 'type': 'boolean'}}, 'Defensive actions': {'key': 'defensive_actions', 'stat': {'value': 0, 'type': 'integer'}}}}, {'title': 'Attack', 'key': 'attack', 'stats': {'Touches': {'key': 'touches', 'stat': {'value': 16, 'type': 'integer'}}, 'Touches in opposition box': {'key': 'touches_opp_box', 'stat': {'value': 4, 'type': 'integer'}}, 'Passes into final third': {'key': 'passes_into_final_third', 'stat': {'value': 2, 'type': 'integer'}}, 'Accurate long balls': {'key': 'long_balls_accurate', 'stat': {'value': 1, 'total': 2, 'type': 'fractionWithPercentage'}}, 'Dispossessed': {'key': 'dispossessed', 'stat': {'value': 0, 'type': 'integer'}}, 'xG Non-penalty': {'key': 'expected_goals_non_penalty', 'stat': {'value': 0.08, 'type': 'double'}}}}, {'title': 'Defense', 'key': 'defense', 'stats': {'Defensive actions': {'key': 'defensive_actions', 'stat': {'value': 0, 'type': 'integer'}}, 'Tackles': {'key': 'matchstats.headers.tackles', 'stat': {'value': 0, 'type': 'integer'}}, 'Blocks': {'key': 'shot_blocks', 'stat': {'value': 0, 'type': 'integer'}}, 'Clearances': {'key': 'clearances', 'stat': {'value': 0, 'type': 'integer'}}, 'Interceptions': {'key': 'interceptions', 'stat': {'value': 0, 'type': 'integer'}}, 'Recoveries': {'key': 'recoveries', 'stat': {'value': 0, 'type': 'integer'}}, 'Dribbled past': {'key': 'dribbled_past', 'stat': {'value': 0, 'type': 'integer'}}}}, {'title': 'Duels', 'key': 'duels', 'stats': {'Ground duels won': {'key': 'ground_duels_won', 'stat': {'value': 0, 'total': 1, 'type': 'fractionWithPercentage'}}, 'Aerial duels won': {'key': 'aerials_won', 'stat': {'value': 0, 'total': 1, 'type': 'fractionWithPercentage'}}, 'Was fouled': {'key': 'was_fouled', 'stat': {'type': 'integer'}}, 'Fouls committed': {'key': 'fouls', 'stat': {'value': 2, 'type': 'integer'}}, 'Duels lost': {'key': 'duel_lost', 'stat': {'value': 2, 'type': 'integer'}, 'hideInPopupCard': True}}}]",19,115,3,5261537,3,Cruzeiro,9781,Boca Juniors,10077,2026-04-29T00:30:00.000Z,1,0,7.2,88.0,0.0,1.0,,8.0,10.0,1.0,0.62,0.7,,0.0,16.0,4.0,2.0,,,1.0,2.0,0.0,,,0.0,0.0,,0.0,0.0,0.0,,2.0,0.0,1.0,0.0,1.0,,2.0
Marcelo Weigandt,974894,469153,10077,Boca Juniors,False,"[{'title': 'Top stats', 'key': 'top_stats', 'stats': {'FotMob rating': {'key': 'rating_title', 'stat': {'value': 5.85, 'type': 'double'}}, 'Minutes played': {'key': 'minutes_played', 'stat': {'value': 90, 'type': 'integer'}}, 'Goals': {'key': 'goals', 'stat': {'value': 0, 'type': 'integer'}}, 'Assists': {'key': 'assists', 'stat': {'value': 0, 'type': 'integer'}}, 'Expected assists (xA)': {'key': 'expected_assists', 'stat': {'value': 0.01, 'type': 'double'}}, 'xG + xA': {'key': 'xg_and_xa', 'stat': {'value': 0.01, 'type': 'double'}}, 'Accurate passes': {'key': 'accurate_passes', 'stat': {'value': 16, 'total': 26, 'type': 'fractionWithPercentage'}}, 'Chances created': {'key': 'chances_created', 'stat': {'value': 0, 'type': 'integer'}}, 'Shotmap': {'key': None, 'stat': {'value': 0, 'type': 'boolean'}}, 'Defensive actions': {'key': 'defensive_actions', 'stat': {'value': 3, 'type': 'integer'}}}}, {'title': 'Attack', 'key': 'attack', 'stats': {'Touches': {'key': 'touches', 'stat': {'value': 56, 'type': 'integer'}}, 'Touches in opposition box': {'key': 'touches_opp_box', 'stat': {'value': 0, 'type': 'integer'}}, 'Successful dribbles': {'key': 'dribbles_succeeded', 'stat': {'value': 0, 'total': 1, 'type': 'fractionWithPercentage'}}, 'Passes into final third': {'key': 'passes_into_final_third', 'stat': {'value': 4, 'type': 'integer'}}, 'Accurate crosses': {'key': 'accurate_crosses', 'stat': {'value': 0, 'total': 2, 'type': 'fractionWithPercentage'}}, 'Accurate long balls': {'key': 'long_balls_accurate', 'stat': {'value': 0, 'total': 5, 'type': 'fractionWithPercentage'}}, 'Dispossessed': {'key': 'dispossessed', 'stat': {'value': 2, 'type': 'integer'}}}}, {'title': 'Defense', 'key': 'defense', 'stats': {'Defensive actions': {'key': 'defensive_actions', 'stat': {'value': 3, 'type': 'integer'}}, 'Tackles': {'key': 'matchstats.headers.tackles', 'stat': {'value': 0, 'type': 'integer'}}, 'Blocks': {'key': 'shot_blocks', 'stat': {'value': 0, 'type': 'integer'}}, 'Clearances': {'key': 'clearances', 'stat': {'value': 3, 'type': 'integer'}}, 'Headed clearance': {'key': 'headed_clearance', 'stat': {'value': 1, 'type': 'integer'}}, 'Interceptions': {'key': 'interceptions', 'stat': {'value': 0, 'type': 'integer'}}, 'Recoveries': {'key': 'recoveries', 'stat': {'value': 1, 'type': 'integer'}}, 'Dribbled past': {'key': 'dribbled_past', 'stat': {'value': 2, 'type': 'integer'}}}}, {'title': 'Duels', 'key': 'duels', 'stats': {'Ground duels won': {'key': 'ground_duels_won', 'stat': {'value': 2, 'total': 7, 'type': 'fractionWithPercentage'}}, 'Aerial duels won': {'key': 'aerials_won', 'stat': {'value': 1, 'total': 2, 'type': 'fractionWithPercentage'}}, 'Was fouled': {'key': 'was_fouled', 'stat': {'value': 2, 'type': 'integer'}}, 'Fouls committed': {'key': 'fouls', 'stat': {'value': 0, 'type': 'integer'}}, 'Duels won': {'key': 'duel_won', 'stat': {'value': 3, 'type': 'integer'}, 'hideInPopupCard': True}, 'Duels lost': {'key': 'duel_lost', 'stat': {'value': 6, 'type': 'integer'}, 'hideInPopupCard': True}}}]",23,32,1,5261537,3,Cruzeiro,9781,Boca Juniors,10077,2026-04-29T00:30:00.000Z,1,0,5.85,90.0,0.0,0.0,,16.0,26.0,0.0,0.01,0.01,,3.0,56.0,0.0,4.0,0.0,2.0,0.0,5.0,2.0,,,0.0,3.0,1.0,0.0,1.0,2.0,3.0,6.0,2.0,7.0,1.0,2.0,2.0,0.0
Alan Velasco,1053392,477959,10077,Boca Juniors,False,[],20,,3,5261537,3,Cruzeiro,9781,Boca Juniors,10077,2026-04-29T00:30:00.000Z,1,0,,,,,,,,,,,,,,,,,,,,,,,,,,,,,,,,,,,,
Christian Cardoso,1053842,483245,9781,Cruzeiro,False,"[{'title': 'Top stats', 'key': 'top_stats', 'stats': {'FotMob rating': {'key': 'rating_title', 'stat': {'value': 7.17, 'type': 'double'}}, 'Minutes played': {'key': 'minutes_played', 'stat': {'value': 90, 'type': 'integer'}}, 'Goals': {'key': 'goals', 'stat': {'value': 0, 'type': 'integer'}}, 'Assists': {'key': 'assists', 'stat': {'value': 0, 'type': 'integer'}}, 'Expected goals (xG)': {'key': 'expected_goals', 'stat': {'value': 0.1, 'type': 'double'}}, 'Expected goals on target (xGOT)': {'key': 'expected_goals_on_target_variant', 'stat': {'type': 'double'}}, 'Expected assists (xA)': {'key': 'expected_assists', 'stat': {'value': 0.02, 'type': 'double'}}, 'xG + xA': {'key': 'xg_and_xa', 'stat': {'value': 0.12000000000000001, 'type': 'double'}}, 'Accurate passes': {'key': 'accurate_passes', 'stat': {'value': 22, 'total': 28, 'type': 'fractionWithPercentage'}}, 'Chances created': {'key': 'chances_created', 'stat': {'value': 0, 'type': 'integer'}}, 'Shots on target': {'key': 'ShotsOnTarget', 'stat': {'value': 0, 'type': 'integer'}}, 'Shots off target': {'key': 'ShotsOffTarget', 'stat': {'value': 0, 'type': 'integer'}}, 'Blocked shots': {'key': 'blocked_shots', 'stat': {'value': 1, 'type': 'integer'}}, 'Shotmap': {'key': None, 'stat': {'value': 1, 'type': 'boolean'}}, 'Defensive actions': {'key': 'defensive_actions', 'stat': {'value': 6, 'type': 'integer'}}}}, {'title': 'Attack', 'key': 'attack', 'stats': {'Touches': {'key': 'touches', 'stat': {'value': 44, 'type': 'integer'}}, 'Touches in opposition box': {'key': 'touches_opp_box', 'stat': {'value': 1, 'type': 'integer'}}, 'Successful dribbles': {'key': 'dribbles_succeeded', 'stat': {'value': 0, 'total': 2, 'type': 'fractionWithPercentage'}}, 'Passes into final third': {'key': 'passes_into_final_third', 'stat': {'value': 2, 'type': 'integer'}}, 'Dispossessed': {'key': 'dispossessed', 'stat': {'value': 0, 'type': 'integer'}}, 'xG Non-penalty': {'key': 'expected_goals_non_penalty', 'stat': {'value': 0.1, 'type': 'double'}}}}, {'title': 'Defense', 'key': 'defense', 'stats': {'Defensive actions': {'key': 'defensive_actions', 'stat': {'value': 6, 'type': 'integer'}}, 'Tackles': {'key': 'matchstats.headers.tackles', 'stat': {'value': 1, 'type': 'integer'}}, 'Blocks': {'key': 'shot_blocks', 'stat': {'value': 0, 'type': 'integer'}}, 'Clearances': {'key': 'clearances', 'stat': {'value': 0, 'type': 'integer'}}, 'Interceptions': {'key': 'interceptions', 'stat': {'value': 5, 'type': 'integer'}}, 'Recoveries': {'key': 'recoveries', 'stat': {'value': 3, 'type': 'integer'}}, 'Dribbled past': {'key': 'dribbled_past', 'stat': {'value': 0, 'type': 'integer'}}}}, {'title': 'Duels', 'key': 'duels', 'stats': {'Ground duels won': {'key': 'ground_duels_won', 'stat': {'value': 3, 'total': 5, 'type': 'fractionWithPercentage'}}, 'Aerial duels won': {'key': 'aerials_won', 'stat': {'value': 0, 'total': 1, 'type': 'fractionWithPercentage'}}, 'Was fouled': {'key': 'was_fouled', 'stat': {'value': 2, 'type': 'integer'}}, 'Fouls committed': {'key': 'fouls', 'stat': {'value': 0, 'type': 'integer'}}, 'Duels won': {'key': 'duel_won', 'stat': {'value': 3, 'type': 'integer'}, 'hideInPopupCard': True}, 'Duels lost': {'key': 'duel_lost', 'stat': {'value': 3, 'type': 'integer'}, 'hideInPopupCard': True}}}]",88,87,3,5261537,3,Cruzeiro,9781,Boca Juniors,10077,2026-04-29T00:30:00.000Z,1,0,7.17,90.0,0.0,0.0,,22.0,28.0,0.0,0.02,0.12000000000000001,,6.0,44.0,1.0,2.0,,,,,0.0,,,0.0,0.0,,5.0,3.0,0.0,3.0,3.0,3.0,5.0,0.0,1.0,2.0,0.0
Exequiel Zeballos,1110044,467143,10077,Boca Juniors,False,"[{'title': 'Top stats', 'key': 'top_stats', 'stats': {'FotMob rating': {'key': 'rating_title', 'stat': {'value': 6, 'type': 'double'}}, 'Minutes played': {'key': 'minutes_played', 'stat': {'value': 28, 'type': 'integer'}}, 'Goals': {'key': 'goals', 'stat': {'value': 0, 'type': 'integer'}}, 'Assists': {'key': 'assists', 'stat': {'value': 0, 'type': 'integer'}}, 'Accurate passes': {'key': 'accurate_passes', 'stat': {'value': 3, 'total': 6, 'type': 'fractionWithPercentage'}}, 'Chances created': {'key': 'chances_created', 'stat': {'value': 0, 'type': 'integer'}}, 'Shotmap': {'key': None, 'stat': {'value': 0, 'type': 'boolean'}}, 'Defensive actions': {'key': 'defensive_actions', 'stat': {'value': 0, 'type': 'integer'}}}}, {'title': 'Attack', 'key': 'attack', 'stats': {'Touches': {'key': 'touches', 'stat': {'value': 11, 'type': 'integer'}}, 'Touches in opposition box': {'key': 'touches_opp_box', 'stat': {'value': 2, 'type': 'integer'}}, 'Successful dribbles': {'key': 'dribbles_succeeded', 'stat': {'value': 1, 'total': 1, 'type': 'fractionWithPercentage'}}, 'Passes into final third': {'key': 'passes_into_final_third', 'stat': {'value': 1, 'type': 'integer'}}, 'Accurate crosses': {'key': 'accurate_crosses', 'stat': {'value': 0, 'total': 1, 'type': 'fractionWithPercentage'}}, 'Dispossessed': {'key': 'dispossessed', 'stat': {'value': 0, 'type': 'integer'}}}}, {'title': 'Defense', 'key': 'defense', 'stats': {'Defensive actions': {'key': 'defensive_actions', 'stat': {'value': 0, 'type': 'integer'}}, 'Tackles': {'key': 'matchstats.headers.tackles', 'stat': {'value': 0, 'type': 'integer'}}, 'Blocks': {'key': 'shot_blocks', 'stat': {'value': 0, 'type': 'integer'}}, 'Clearances': {'key': 'clearances', 'stat': {'value': 0, 'type': 'integer'}}, 'Interceptions': {'key': 'interceptions', 'stat': {'value': 0, 'type': 'integer'}}, 'Recoveries': {'key': 'recoveries', 'stat': {'value': 0, 'type': 'integer'}}, 'Dribbled past': {'key': 'dribbled_past', 'stat': {'value': 0, 'type': 'integer'}}}}, {'title': 'Duels', 'key': 'duels', 'stats': {'Ground duels won': {'key': 'ground_duels_won', 'stat': {'value': 1, 'total': 1, 'type': 'fractionWithPercentage'}}, 'Aerial duels won': {'key': 'aerials_won', 'stat': {'value': 0, 'total': 2, 'type': 'fractionWithPercentage'}}, 'Was fouled': {'key': 'was_fouled', 'stat': {'type': 'integer'}}, 'Fouls committed': {'key': 'fouls', 'stat': {'value': 0, 'type': 'integer'}}, 'Duels won': {'key': 'duel_won', 'stat': {'value': 1, 'type': 'integer'}, 'hideInPopupCard': True}, 'Duels lost': {'key': 'duel_lost', 'stat': {'value': 2, 'type': 'integer'}, 'hideInPopupCard': True}}}]",7,,3,5261537,3,Cruzeiro,9781,Boca Juniors,10077,2026-04-29T00:30:00.000Z,1,0,6.0,28.0,0.0,0.0,,3.0,6.0,0.0,,,,0.0,11.0,2.0,1.0,0.0,1.0,,,0.0,,,0.0,0.0,,0.0,0.0,0.0,1.0,2.0,1.0,1.0,0.0,2.0,,0.0
João Marcelo,1185338,478886,9781,Cruzeiro,False,[],43,,1,5261537,3,Cruzeiro,9781,Boca Juniors,10077,2026-04-29T00:30:00.000Z,1,0,,,,,,,,,,,,,,,,,,,,,,,,,,,,,,,,,,,,
Lautaro Blanco,1200014,488396,10077,Boca Juniors,False,"[{'title': 'Top stats', 'key': 'top_stats', 'stats': {'FotMob rating': {'key': 'rating_title', 'stat': {'value': 6.71, 'type': 'double'}}, 'Minutes played': {'key': 'minutes_played', 'stat': {'value': 90, 'type': 'integer'}}, 'Goals': {'key': 'goals', 'stat': {'value': 0, 'type': 'integer'}}, 'Assists': {'key': 'assists', 'stat': {'value': 0, 'type': 'integer'}}, 'Expected assists (xA)': {'key': 'expected_assists', 'stat': {'value': 0.02, 'type': 'double'}}, 'xG + xA': {'key': 'xg_and_xa', 'stat': {'value': 0.02, 'type': 'double'}}, 'Accurate passes': {'key': 'accurate_passes', 'stat': {'value': 11, 'total': 17, 'type': 'fractionWithPercentage'}}, 'Chances created': {'key': 'chances_created', 'stat': {'value': 0, 'type': 'integer'}}, 'Shotmap': {'key': None, 'stat': {'value': 0, 'type': 'boolean'}}, 'Defensive actions': {'key': 'defensive_actions', 'stat': {'value': 4, 'type': 'integer'}}}}, {'title': 'Attack', 'key': 'attack', 'stats': {'Touches': {'key': 'touches', 'stat': {'value': 37, 'type': 'integer'}}, 'Touches in opposition box': {'key': 'touches_opp_box', 'stat': {'value': 0, 'type': 'integer'}}, 'Passes into final third': {'key': 'passes_into_final_third', 'stat': {'value': 2, 'type': 'integer'}}, 'Accurate crosses': {'key': 'accurate_crosses', 'stat': {'value': 1, 'total': 4, 'type': 'fractionWithPercentage'}}, 'Accurate long balls': {'key': 'long_balls_accurate', 'stat': {'value': 1, 'total': 6, 'type': 'fractionWithPercentage'}}, 'Dispossessed': {'key': 'dispossessed', 'stat': {'value': 0, 'type': 'integer'}}}}, {'title': 'Defense', 'key': 'defense', 'stats': {'Defensive actions': {'key': 'defensive_actions', 'stat': {'value': 4, 'type': 'integer'}}, 'Tackles': {'key': 'matchstats.headers.tackles', 'stat': {'value': 2, 'type': 'integer'}}, 'Blocks': {'key': 'shot_blocks', 'stat': {'value': 0, 'type': 'integer'}}, 'Clearances': {'key': 'clearances', 'stat': {'value': 2, 'type': 'integer'}}, 'Interceptions': {'key': 'interceptions', 'stat': {'value': 0, 'type': 'integer'}}, 'Recoveries': {'key': 'recoveries', 'stat': {'value': 2, 'type': 'integer'}}, 'Dribbled past': {'key': 'dribbled_past', 'stat': {'value': 0, 'type': 'integer'}}}}, {'title': 'Duels', 'key': 'duels', 'stats': {'Ground duels won': {'key': 'ground_duels_won', 'stat': {'value': 3, 'total': 4, 'type': 'fractionWithPercentage'}}, 'Aerial duels won': {'key': 'aerials_won', 'stat': {'value': 0, 'total': 0, 'type': 'fractionWithPercentage'}}, 'Was fouled': {'key': 'was_fouled', 'stat': {'value': 1, 'type': 'integer'}}, 'Fouls committed': {'key': 'fouls', 'stat': {'value': 1, 'type': 'integer'}}, 'Duels won': {'key': 'duel_won', 'stat': {'value': 3, 'type': 'integer'}, 'hideInPopupCard': True}, 'Duels lost': {'key': 'duel_lost', 'stat': {'value': 1, 'type': 'integer'}, 'hideInPopupCard': True}}}]",3,38,1,5261537,3,Cruzeiro,9781,Boca Juniors,10077,2026-04-29T00:30:00.000Z,1,0,6.71,90.0,0.0,0.0,,11.0,17.0,0.0,0.02,0.02,,4.0,37.0,0.0,2.0,1.0,4.0,1.0,6.0,0.0,,,0.0,2.0,,0.0,2.0,0.0,3.0,1.0,3.0,4.0,0.0,0.0,1.0,1.0
Kevin Zenón,1201039,488411,10077,Boca Juniors,False,[],22,,3,5261537,3,Cruzeiro,9781,Boca Juniors,10077,2026-04-29T00:30:00.000Z,1,0,,,,,,,,,,,,,,,,,,,,,,,,,,,,,,,,,,,,
Juan Barinaga,1213652,474549,10077,Boca Juniors,False,[],24,,1,5261537,3,Cruzeiro,9781,Boca Juniors,10077,2026-04-29T00:30:00.000Z,1,0,,,,,,,,,,,,,,,,,,,,,,,,,,,,,,,,,,,,
Ayrton Costa,1213769,477896,10077,Boca Juniors,False,"[{'title': 'Top stats', 'key': 'top_stats', 'stats': {'FotMob rating': {'key': 'rating_title', 'stat': {'value': 6.32, 'type': 'double'}}, 'Minutes played': {'key': 'minutes_played', 'stat': {'value': 90, 'type': 'integer'}}, 'Goals': {'key': 'goals', 'stat': {'value': 0, 'type': 'integer'}}, 'Assists': {'key': 'assists', 'stat': {'value': 0, 'type': 'integer'}}, 'Accurate passes': {'key': 'accurate_passes', 'stat': {'value': 14, 'total': 16, 'type': 'fractionWithPercentage'}}, 'Chances created': {'key': 'chances_created', 'stat': {'value': 0, 'type': 'integer'}}, 'Shotmap': {'key': None, 'stat': {'value': 0, 'type': 'boolean'}}, 'Defensive actions': {'key': 'defensive_actions', 'stat': {'value': 7, 'type': 'integer'}}}}, {'title': 'Attack', 'key': 'attack', 'stats': {'Touches': {'key': 'touches', 'stat': {'value': 24, 'type': 'integer'}}, 'Touches in opposition box': {'key': 'touches_opp_box', 'stat': {'value': 0, 'type': 'integer'}}, 'Successful dribbles': {'key': 'dribbles_succeeded', 'stat': {'value': 0, 'total': 1, 'type': 'fractionWithPercentage'}}, 'Passes into final third': {'key': 'passes_into_final_third', 'stat': {'value': 3, 'type': 'integer'}}, 'Accurate long balls': {'key': 'long_balls_accurate', 'stat': {'value': 3, 'total': 5, 'type': 'fractionWithPercentage'}}, 'Dispossessed': {'key': 'dispossessed', 'stat': {'value': 0, 'type': 'integer'}}}}, {'title': 'Defense', 'key': 'defense', 'stats': {'Defensive actions': {'key': 'defensive_actions', 'stat': {'value': 7, 'type': 'integer'}}, 'Tackles': {'key': 'matchstats.headers.tackles', 'stat': {'value': 1, 'type': 'integer'}}, 'Blocks': {'key': 'shot_blocks', 'stat': {'value': 0, 'type': 'integer'}}, 'Clearances': {'key': 'clearances', 'stat': {'value': 4, 'type': 'integer'}}, 'Headed clearance': {'key': 'headed_clearance', 'stat': {'value': 2, 'type': 'integer'}}, 'Interceptions': {'key': 'interceptions', 'stat': {'value': 2, 'type': 'integer'}}, 'Recoveries': {'key': 'recoveries', 'stat': {'value': 0, 'type': 'integer'}}, 'Dribbled past': {'key': 'dribbled_past', 'stat': {'value': 0, 'type': 'integer'}}}}, {'title': 'Duels', 'key': 'duels', 'stats': {'Ground duels won': {'key': 'ground_duels_won', 'stat': {'value': 1, 'total': 3, 'type': 'fractionWithPercentage'}}, 'Aerial duels won': {'key': 'aerials_won', 'stat': {'value': 0, 'total': 0, 'type': 'fractionWithPercentage'}}, 'Was fouled': {'key': 'was_fouled', 'stat': {'type': 'integer'}}, 'Fouls committed': {'key': 'fouls', 'stat': {'value': 1, 'type': 'integer'}}, 'Duels won': {'key': 'duel_won', 'stat': {'value': 1, 'type': 'integer'}, 'hideInPopupCard': True}, 'Duels lost': {'key': 'duel_lost', 'stat': {'value': 2, 'type': 'integer'}, 'hideInPopupCard': True}}}]",32,36,1,5261537,3,Cruzeiro,9781,Boca Juniors,10077,2026-04-29T00:30:00.000Z,1,0,6.32,90.0,0.0,0.0,,14.0,16.0,0.0,,,,7.0,24.0,0.0,3.0,,,3.0,5.0,0.0,,,0.0,4.0,2.0,2.0,0.0,0.0,1.0,2.0,1.0,3.0,0.0,0.0,,1.0
Marco Pellegrino,1237690,506165,10077,Boca Juniors,False,[],26,,1,5261537,3,Cruzeiro,9781,Boca Juniors,10077,2026-04-29T00:30:00.000Z,1,0,,,,,,,,,,,,,,,,,,,,,,,,,,,,,,,,,,,,
Matheus Cunha,1320958,244026,9781,Cruzeiro,True,[],31,,0,5261537,3,Cruzeiro,9781,Boca Juniors,10077,2026-04-29T00:30:00.000Z,1,0,,,,,,,,,,,,,,,,,,,,,,,,,,,,,,,,,,,,
Leandro Brey,1353756,569169,10077,Boca Juniors,True,"[{'title': 'Top stats', 'key': 'top_stats', 'stats': {'FotMob rating': {'key': 'rating_title', 'stat': {'value': 7.09, 'type': 'double'}}, 'Minutes played': {'key': 'minutes_played', 'stat': {'value': 90, 'type': 'integer'}}, 'Saves': {'key': 'saves', 'stat': {'value': 1, 'type': 'integer'}}, 'Goals conceded': {'key': 'goals_conceded', 'stat': {'value': 1, 'type': 'integer'}}, 'xGOT faced': {'key': 'expected_goals_on_target_faced', 'stat': {'value': 1.13, 'type': 'double'}}, 'Goals prevented': {'key': 'goals_prevented', 'stat': {'value': 0.13, 'type': 'double'}}, 'Shotmap': {'key': None, 'stat': {'value': 1, 'type': 'boolean'}}, 'Accurate passes': {'key': 'accurate_passes', 'stat': {'value': 5, 'total': 26, 'type': 'fractionWithPercentage'}}, 'Accurate long balls': {'key': 'long_balls_accurate', 'stat': {'value': 1, 'total': 22, 'type': 'fractionWithPercentage'}}, 'Diving save': {'key': 'keeper_diving_save', 'stat': {'value': 0, 'type': 'integer'}}, 'Saves inside box': {'key': 'saves_inside_box', 'stat': {'value': 1, 'type': 'integer'}}, 'Acted as sweeper': {'key': 'keeper_sweeper', 'stat': {'value': 1, 'type': 'integer'}}, 'Punches': {'key': 'punches', 'stat': {'value': 0, 'type': 'integer'}}, 'Throws': {'key': 'player_throws', 'stat': {'value': 4, 'type': 'integer'}}, 'High claim': {'key': 'keeper_high_claim', 'stat': {'value': 1, 'type': 'integer'}}, 'Recoveries': {'key': 'recoveries', 'stat': {'value': 8, 'type': 'integer'}}, 'Clearances': {'key': 'clearances', 'stat': {'value': 1, 'type': 'integer'}}, 'Touches': {'key': 'touches', 'stat': {'value': 36, 'type': 'integer'}}, 'Defensive actions': {'key': 'defensive_actions', 'stat': {'value': 3, 'type': 'integer'}, 'hideInPopupCard': True}, 'Duels won': {'key': 'duel_won', 'stat': {'value': 2, 'type': 'integer'}, 'hideInPopupCard': True}, 'Ground duels won': {'key': 'ground_duels_won', 'stat': {'value': 2, 'total': 2, 'type': 'fractionWithPercentage'}}, 'Was fouled': {'key': 'was_fouled', 'stat': {'value': 1, 'type': 'integer'}, 'hideInPopupCard': True}, 'Fouls committed': {'key': 'fouls', 'stat': {'value': 0, 'type': 'integer'}, 'hideInPopupCard': True}, 'Tackles': {'key': 'matchstats.headers.tackles', 'stat': {'value': 1, 'type': 'integer'}, 'hideInPopupCard': True}, 'Passes into final third': {'key': 'passes_into_final_third', 'stat': {'value': 6, 'type': 'integer'}, 'hideInPopupCard': True}, 'Interceptions': {'key': 'interceptions', 'stat': {'value': 1, 'type': 'integer'}, 'hideInPopupCard': True}}}]",12,11,0,5261537,3,Cruzeiro,9781,Boca Juniors,10077,2026-04-29T00:30:00.000Z,1,0,7.09,90.0,,,,5.0,26.0,,,,,3.0,,,,,,,,,,,,,,,,,,,,,,,,
Lautaro Di Lollo,1385954,580912,10077,Boca Juniors,False,"[{'title': 'Top stats', 'key': 'top_stats', 'stats': {'FotMob rating': {'key': 'rating_title', 'stat': {'value': 6.51, 'type': 'double'}}, 'Minutes played': {'key': 'minutes_played', 'stat': {'value': 90, 'type': 'integer'}}, 'Goals': {'key': 'goals', 'stat': {'value': 0, 'type': 'integer'}}, 'Assists': {'key': 'assists', 'stat': {'value': 0, 'type': 'integer'}}, 'Accurate passes': {'key': 'accurate_passes', 'stat': {'value': 17, 'total': 25, 'type': 'fractionWithPercentage'}}, 'Chances created': {'key': 'chances_created', 'stat': {'value': 0, 'type': 'integer'}}, 'Shotmap': {'key': None, 'stat': {'value': 0, 'type': 'boolean'}}, 'Defensive actions': {'key': 'defensive_actions', 'stat': {'value': 8, 'type': 'integer'}}}}, {'title': 'Attack', 'key': 'attack', 'stats': {'Touches': {'key': 'touches', 'stat': {'value': 38, 'type': 'integer'}}, 'Touches in opposition box': {'key': 'touches_opp_box', 'stat': {'value': 0, 'type': 'integer'}}, 'Passes into final third': {'key': 'passes_into_final_third', 'stat': {'value': 3, 'type': 'integer'}}, 'Accurate long balls': {'key': 'long_balls_accurate', 'stat': {'value': 1, 'total': 7, 'type': 'fractionWithPercentage'}}, 'Dispossessed': {'key': 'dispossessed', 'stat': {'value': 0, 'type': 'integer'}}}}, {'title': 'Defense', 'key': 'defense', 'stats': {'Defensive actions': {'key': 'defensive_actions', 'stat': {'value': 8, 'type': 'integer'}}, 'Tackles': {'key': 'matchstats.headers.tackles', 'stat': {'value': 2, 'type': 'integer'}}, 'Blocks': {'key': 'shot_blocks', 'stat': {'value': 1, 'type': 'integer'}}, 'Clearances': {'key': 'clearances', 'stat': {'value': 5, 'type': 'integer'}}, 'Headed clearance': {'key': 'headed_clearance', 'stat': {'value': 3, 'type': 'integer'}}, 'Interceptions': {'key': 'interceptions', 'stat': {'value': 0, 'type': 'integer'}}, 'Recoveries': {'key': 'recoveries', 'stat': {'value': 3, 'type': 'integer'}}, 'Dribbled past': {'key': 'dribbled_past', 'stat': {'value': 0, 'type': 'integer'}}}}, {'title': 'Duels', 'key': 'duels', 'stats': {'Ground duels won': {'key': 'ground_duels_won', 'stat': {'value': 2, 'total': 3, 'type': 'fractionWithPercentage'}}, 'Aerial duels won': {'key': 'aerials_won', 'stat': {'value': 1, 'total': 3, 'type': 'fractionWithPercentage'}}, 'Was fouled': {'key': 'was_fouled', 'stat': {'value': 1, 'type': 'integer'}}, 'Fouls committed': {'key': 'fouls', 'stat': {'value': 1, 'type': 'integer'}}, 'Duels won': {'key': 'duel_won', 'stat': {'value': 3, 'type': 'integer'}, 'hideInPopupCard': True}, 'Duels lost': {'key': 'duel_lost', 'stat': {'value': 3, 'type': 'integer'}, 'hideInPopupCard': True}}}]",2,34,1,5261537,3,Cruzeiro,9781,Boca Juniors,10077,2026-04-29T00:30:00.000Z,1,0,6.51,90.0,0.0,0.0,,17.0,25.0,0.0,,,,8.0,38.0,0.0,3.0,,,1.0,7.0,0.0,,,1.0,5.0,3.0,0.0,3.0,0.0,3.0,3.0,2.0,3.0,1.0,3.0,1.0,1.0
Kaiki,1459564,535554,9781,Cruzeiro,False,"[{'title': 'Top stats', 'key': 'top_stats', 'stats': {'FotMob rating': {'key': 'rating_title', 'stat': {'value': 7.09, 'type': 'double'}}, 'Minutes played': {'key': 'minutes_played', 'stat': {'value': 90, 'type': 'integer'}}, 'Goals': {'key': 'goals', 'stat': {'value': 0, 'type': 'integer'}}, 'Assists': {'key': 'assists', 'stat': {'value': 0, 'type': 'integer'}}, 'Expected assists (xA)': {'key': 'expected_assists', 'stat': {'value': 0.01, 'type': 'double'}}, 'xG + xA': {'key': 'xg_and_xa', 'stat': {'value': 0.01, 'type': 'double'}}, 'Accurate passes': {'key': 'accurate_passes', 'stat': {'value': 28, 'total': 37, 'type': 'fractionWithPercentage'}}, 'Chances created': {'key': 'chances_created', 'stat': {'value': 0, 'type': 'integer'}}, 'Shotmap': {'key': None, 'stat': {'value': 0, 'type': 'boolean'}}, 'Defensive actions': {'key': 'defensive_actions', 'stat': {'value': 7, 'type': 'integer'}}}}, {'title': 'Attack', 'key': 'attack', 'stats': {'Touches': {'key': 'touches', 'stat': {'value': 61, 'type': 'integer'}}, 'Touches in opposition box': {'key': 'touches_opp_box', 'stat': {'value': 1, 'type': 'integer'}}, 'Successful dribbles': {'key': 'dribbles_succeeded', 'stat': {'value': 1, 'total': 3, 'type': 'fractionWithPercentage'}}, 'Passes into final third': {'key': 'passes_into_final_third', 'stat': {'value': 6, 'type': 'integer'}}, 'Accurate crosses': {'key': 'accurate_crosses', 'stat': {'value': 0, 'total': 1, 'type': 'fractionWithPercentage'}}, 'Accurate long balls': {'key': 'long_balls_accurate', 'stat': {'value': 2, 'total': 5, 'type': 'fractionWithPercentage'}}, 'Dispossessed': {'key': 'dispossessed', 'stat': {'value': 1, 'type': 'integer'}}}}, {'title': 'Defense', 'key': 'defense', 'stats': {'Defensive actions': {'key': 'defensive_actions', 'stat': {'value': 7, 'type': 'integer'}}, 'Tackles': {'key': 'matchstats.headers.tackles', 'stat': {'value': 2, 'type': 'integer'}}, 'Blocks': {'key': 'shot_blocks', 'stat': {'value': 0, 'type': 'integer'}}, 'Clearances': {'key': 'clearances', 'stat': {'value': 5, 'type': 'integer'}}, 'Headed clearance': {'key': 'headed_clearance', 'stat': {'value': 2, 'type': 'integer'}}, 'Interceptions': {'key': 'interceptions', 'stat': {'value': 0, 'type': 'integer'}}, 'Recoveries': {'key': 'recoveries', 'stat': {'value': 5, 'type': 'integer'}}, 'Dribbled past': {'key': 'dribbled_past', 'stat': {'value': 0, 'type': 'integer'}}}}, {'title': 'Duels', 'key': 'duels', 'stats': {'Ground duels won': {'key': 'ground_duels_won', 'stat': {'value': 3, 'total': 8, 'type': 'fractionWithPercentage'}}, 'Aerial duels won': {'key': 'aerials_won', 'stat': {'value': 1, 'total': 1, 'type': 'fractionWithPercentage'}}, 'Was fouled': {'key': 'was_fouled', 'stat': {'type': 'integer'}}, 'Fouls committed': {'key': 'fouls', 'stat': {'value': 2, 'type': 'integer'}}, 'Duels won': {'key': 'duel_won', 'stat': {'value': 4, 'type': 'integer'}, 'hideInPopupCard': True}, 'Duels lost': {'key': 'duel_lost', 'stat': {'value': 5, 'type': 'integer'}, 'hideInPopupCard': True}}}]",6,38,1,5261537,3,Cruzeiro,9781,Boca Juniors,10077,2026-04-29T00:30:00.000Z,1,0,7.09,90.0,0.0,0.0,,28.0,37.0,0.0,0.01,0.01,,7.0,61.0,1.0,6.0,0.0,1.0,2.0,5.0,1.0,,,0.0,5.0,2.0,0.0,5.0,0.0,4.0,5.0,3.0,8.0,1.0,1.0,,2.0
Jonathan Jesus,1488554,622275,9781,Cruzeiro,False,"[{'title': 'Top stats', 'key': 'top_stats', 'stats': {'FotMob rating': {'key': 'rating_title', 'stat': {'value': 7.4, 'type': 'double'}}, 'Minutes played': {'key': 'minutes_played', 'stat': {'value': 90, 'type': 'integer'}}, 'Goals': {'key': 'goals', 'stat': {'value': 0, 'type': 'integer'}}, 'Assists': {'key': 'assists', 'stat': {'value': 0, 'type': 'integer'}}, 'Expected assists (xA)': {'key': 'expected_assists', 'stat': {'value': 0.01, 'type': 'double'}}, 'xG + xA': {'key': 'xg_and_xa', 'stat': {'value': 0.01, 'type': 'double'}}, 'Accurate passes': {'key': 'accurate_passes', 'stat': {'value': 49, 'total': 50, 'type': 'fractionWithPercentage'}}, 'Chances created': {'key': 'chances_created', 'stat': {'value': 0, 'type': 'integer'}}, 'Shotmap': {'key': None, 'stat': {'value': 0, 'type': 'boolean'}}, 'Defensive actions': {'key': 'defensive_actions', 'stat': {'value': 7, 'type': 'integer'}}}}, {'title': 'Attack', 'key': 'attack', 'stats': {'Touches': {'key': 'touches', 'stat': {'value': 58, 'type': 'integer'}}, 'Touches in opposition box': {'key': 'touches_opp_box', 'stat': {'value': 0, 'type': 'integer'}}, 'Passes into final third': {'key': 'passes_into_final_third', 'stat': {'value': 2, 'type': 'integer'}}, 'Accurate long balls': {'key': 'long_balls_accurate', 'stat': {'value': 1, 'total': 2, 'type': 'fractionWithPercentage'}}, 'Dispossessed': {'key': 'dispossessed', 'stat': {'value': 0, 'type': 'integer'}}}}, {'title': 'Defense', 'key': 'defense', 'stats': {'Defensive actions': {'key': 'defensive_actions', 'stat': {'value': 7, 'type': 'integer'}}, 'Tackles': {'key': 'matchstats.headers.tackles', 'stat': {'value': 1, 'type': 'integer'}}, 'Blocks': {'key': 'shot_blocks', 'stat': {'value': 0, 'type': 'integer'}}, 'Clearances': {'key': 'clearances', 'stat': {'value': 5, 'type': 'integer'}}, 'Headed clearance': {'key': 'headed_clearance', 'stat': {'value': 4, 'type': 'integer'}}, 'Interceptions': {'key': 'interceptions', 'stat': {'value': 1, 'type': 'integer'}}, 'Recoveries': {'key': 'recoveries', 'stat': {'value': 5, 'type': 'integer'}}, 'Dribbled past': {'key': 'dribbled_past', 'stat': {'value': 0, 'type': 'integer'}}}}, {'title': 'Duels', 'key': 'duels', 'stats': {'Ground duels won': {'key': 'ground_duels_won', 'stat': {'value': 1, 'total': 1, 'type': 'fractionWithPercentage'}}, 'Aerial duels won': {'key': 'aerials_won', 'stat': {'value': 1, 'total': 2, 'type': 'fractionWithPercentage'}}, 'Was fouled': {'key': 'was_fouled', 'stat': {'type': 'integer'}}, 'Fouls committed': {'key': 'fouls', 'stat': {'value': 1, 'type': 'integer'}}, 'Duels won': {'key': 'duel_won', 'stat': {'value': 2, 'type': 'integer'}, 'hideInPopupCard': True}, 'Duels lost': {'key': 'duel_lost', 'stat': {'value': 1, 'type': 'integer'}, 'hideInPopupCard': True}}}]",34,36,1,5261537,3,Cruzeiro,9781,Boca Juniors,10077,2026-04-29T00:30:00.000Z,1,0,7.4,90.0,0.0,0.0,,49.0,50.0,0.0,0.01,0.01,,7.0,58.0,0.0,2.0,,,1.0,2.0,0.0,,,0.0,5.0,4.0,1.0,5.0,0.0,2.0,1.0,1.0,1.0,1.0,2.0,,1.0
Keny Arroyo,1626714,616556,9781,Cruzeiro,False,"[{'title': 'Top stats', 'key': 'top_stats', 'stats': {'FotMob rating': {'key': 'rating_title', 'stat': {'value': 6.16, 'type': 'double'}}, 'Minutes played': {'key': 'minutes_played', 'stat': {'value': 75, 'type': 'integer'}}, 'Goals': {'key': 'goals', 'stat': {'value': 0, 'type': 'integer'}}, 'Assists': {'key': 'assists', 'stat': {'value': 0, 'type': 'integer'}}, 'Expected goals (xG)': {'key': 'expected_goals', 'stat': {'value': 0.08, 'type': 'double'}}, 'Expected goals on target (xGOT)': {'key': 'expected_goals_on_target_variant', 'stat': {'type': 'double'}}, 'Expected assists (xA)': {'key': 'expected_assists', 'stat': {'value': 0.01, 'type': 'double'}}, 'xG + xA': {'key': 'xg_and_xa', 'stat': {'value': 0.09, 'type': 'double'}}, 'Accurate passes': {'key': 'accurate_passes', 'stat': {'value': 13, 'total': 19, 'type': 'fractionWithPercentage'}}, 'Chances created': {'key': 'chances_created', 'stat': {'value': 0, 'type': 'integer'}}, 'Shots on target': {'key': 'ShotsOnTarget', 'stat': {'value': 0, 'type': 'integer'}}, 'Shots off target': {'key': 'ShotsOffTarget', 'stat': {'value': 3, 'type': 'integer'}}, 'Shot accuracy': {'key': 'shot_accuracy', 'stat': {'value': 0, 'total': 3, 'type': 'fractionWithPercentage'}}, 'Shotmap': {'key': None, 'stat': {'value': 1, 'type': 'boolean'}}, 'Defensive actions': {'key': 'defensive_actions', 'stat': {'value': 0, 'type': 'integer'}}}}, {'title': 'Attack', 'key': 'attack', 'stats': {'Touches': {'key': 'touches', 'stat': {'value': 28, 'type': 'integer'}}, 'Touches in opposition box': {'key': 'touches_opp_box', 'stat': {'value': 0, 'type': 'integer'}}, 'Successful dribbles': {'key': 'dribbles_succeeded', 'stat': {'value': 0, 'total': 1, 'type': 'fractionWithPercentage'}}, 'Passes into final third': {'key': 'passes_into_final_third', 'stat': {'value': 1, 'type': 'integer'}}, 'Accurate crosses': {'key': 'accurate_crosses', 'stat': {'value': 0, 'total': 2, 'type': 'fractionWithPercentage'}}, 'Dispossessed': {'key': 'dispossessed', 'stat': {'value': 1, 'type': 'integer'}}, 'xG Non-penalty': {'key': 'expected_goals_non_penalty', 'stat': {'value': 0.08, 'type': 'double'}}}}, {'title': 'Defense', 'key': 'defense', 'stats': {'Defensive actions': {'key': 'defensive_actions', 'stat': {'value': 0, 'type': 'integer'}}, 'Tackles': {'key': 'matchstats.headers.tackles', 'stat': {'value': 0, 'type': 'integer'}}, 'Blocks': {'key': 'shot_blocks', 'stat': {'value': 0, 'type': 'integer'}}, 'Clearances': {'key': 'clearances', 'stat': {'value': 0, 'type': 'integer'}}, 'Interceptions': {'key': 'interceptions', 'stat': {'value': 0, 'type': 'integer'}}, 'Recoveries': {'key': 'recoveries', 'stat': {'value': 1, 'type': 'integer'}}, 'Dribbled past': {'key': 'dribbled_past', 'stat': {'value': 1, 'type': 'integer'}}}}, {'title': 'Duels', 'key': 'duels', 'stats': {'Ground duels won': {'key': 'ground_duels_won', 'stat': {'value': 0, 'total': 3, 'type': 'fractionWithPercentage'}}, 'Aerial duels won': {'key': 'aerials_won', 'stat': {'value': 0, 'total': 1, 'type': 'fractionWithPercentage'}}, 'Was fouled': {'key': 'was_fouled', 'stat': {'type': 'integer'}}, 'Fouls committed': {'key': 'fouls', 'stat': {'value': 0, 'type': 'integer'}}, 'Duels lost': {'key': 'duel_lost', 'stat': {'value': 4, 'type': 'integer'}, 'hideInPopupCard': True}}}]",99,83,3,5261537,3,Cruzeiro,9781,Boca Juniors,10077,2026-04-29T00:30:00.000Z,1,0,6.16,75.0,0.0,0.0,,13.0,19.0,0.0,0.01,0.09,,0.0,28.0,0.0,1.0,0.0,2.0,,,1.0,,,0.0,0.0,,0.0,1.0,1.0,,4.0,0.0,3.0,0.0,1.0,,0.0
Milton Delgado,1634839,650271,10077,Boca Juniors,False,"[{'title': 'Top stats', 'key': 'top_stats', 'stats': {'FotMob rating': {'key': 'rating_title', 'stat': {'value': 6.12, 'type': 'double'}}, 'Minutes played': {'key': 'minutes_played', 'stat': {'value': 90, 'type': 'integer'}}, 'Goals': {'key': 'goals', 'stat': {'value': 0, 'type': 'integer'}}, 'Assists': {'key': 'assists', 'stat': {'value': 0, 'type': 'integer'}}, 'Expected assists (xA)': {'key': 'expected_assists', 'stat': {'value': 0.01, 'type': 'double'}}, 'xG + xA': {'key': 'xg_and_xa', 'stat': {'value': 0.01, 'type': 'double'}}, 'Accurate passes': {'key': 'accurate_passes', 'stat': {'value': 29, 'total': 32, 'type': 'fractionWithPercentage'}}, 'Chances created': {'key': 'chances_created', 'stat': {'value': 0, 'type': 'integer'}}, 'Shotmap': {'key': None, 'stat': {'value': 0, 'type': 'boolean'}}, 'Defensive actions': {'key': 'defensive_actions', 'stat': {'value': 3, 'type': 'integer'}}}}, {'title': 'Attack', 'key': 'attack', 'stats': {'Touches': {'key': 'touches', 'stat': {'value': 40, 'type': 'integer'}}, 'Touches in opposition box': {'key': 'touches_opp_box', 'stat': {'value': 0, 'type': 'integer'}}, 'Passes into final third': {'key': 'passes_into_final_third', 'stat': {'value': 2, 'type': 'integer'}}, 'Accurate long balls': {'key': 'long_balls_accurate', 'stat': {'value': 4, 'total': 4, 'type': 'fractionWithPercentage'}}, 'Dispossessed': {'key': 'dispossessed', 'stat': {'value': 0, 'type': 'integer'}}}}, {'title': 'Defense', 'key': 'defense', 'stats': {'Defensive actions': {'key': 'defensive_actions', 'stat': {'value': 3, 'type': 'integer'}}, 'Tackles': {'key': 'matchstats.headers.tackles', 'stat': {'value': 1, 'type': 'integer'}}, 'Blocks': {'key': 'shot_blocks', 'stat': {'value': 0, 'type': 'integer'}}, 'Clearances': {'key': 'clearances', 'stat': {'value': 1, 'type': 'integer'}}, 'Interceptions': {'key': 'interceptions', 'stat': {'value': 1, 'type': 'integer'}}, 'Recoveries': {'key': 'recoveries', 'stat': {'value': 4, 'type': 'integer'}}, 'Dribbled past': {'key': 'dribbled_past', 'stat': {'value': 0, 'type': 'integer'}}}}, {'title': 'Duels', 'key': 'duels', 'stats': {'Ground duels won': {'key': 'ground_duels_won', 'stat': {'value': 2, 'total': 4, 'type': 'fractionWithPercentage'}}, 'Aerial duels won': {'key': 'aerials_won', 'stat': {'value': 0, 'total': 2, 'type': 'fractionWithPercentage'}}, 'Was fouled': {'key': 'was_fouled', 'stat': {'value': 1, 'type': 'integer'}}, 'Fouls committed': {'key': 'fouls', 'stat': {'value': 3, 'type': 'integer'}}, 'Duels won': {'key': 'duel_won', 'stat': {'value': 2, 'type': 'integer'}, 'hideInPopupCard': True}, 'Duels lost': {'key': 'duel_lost', 'stat': {'value': 4, 'type': 'integer'}, 'hideInPopupCard': True}}}]",18,76,2,5261537,3,Cruzeiro,9781,Boca Juniors,10077,2026-04-29T00:30:00.000Z,1,0,6.12,90.0,0.0,0.0,,29.0,32.0,0.0,0.01,0.01,,3.0,40.0,0.0,2.0,,,4.0,4.0,0.0,,,0.0,1.0,,1.0,4.0,0.0,2.0,4.0,2.0,4.0,0.0,2.0,1.0,3.0
Néiser Villarreal,1680191,633140,9781,Cruzeiro,False,"[{'title': 'Top stats', 'key': 'top_stats', 'stats': {'FotMob rating': {'key': 'rating_title', 'stat': {'value': 7.12, 'type': 'double'}}, 'Minutes played': {'key': 'minutes_played', 'stat': {'value': 15, 'type': 'integer'}}, 'Goals': {'key': 'goals', 'stat': {'value': 1, 'type': 'integer'}}, 'Assists': {'key': 'assists', 'stat': {'value': 0, 'type': 'integer'}}, 'Expected goals (xG)': {'key': 'expected_goals', 'stat': {'value': 0.95, 'type': 'double'}}, 'Expected goals on target (xGOT)': {'key': 'expected_goals_on_target_variant', 'stat': {'value': 0.99, 'type': 'double'}}, 'xG + xA': {'key': 'xg_and_xa', 'stat': {'value': 0.95, 'type': 'double'}}, 'Accurate passes': {'key': 'accurate_passes', 'stat': {'value': 0, 'total': 0, 'type': 'fractionWithPercentage'}}, 'Chances created': {'key': 'chances_created', 'stat': {'value': 0, 'type': 'integer'}}, 'Shots on target': {'key': 'ShotsOnTarget', 'stat': {'value': 1, 'type': 'integer'}}, 'Shots off target': {'key': 'ShotsOffTarget', 'stat': {'value': 0, 'type': 'integer'}}, 'Shot accuracy': {'key': 'shot_accuracy', 'stat': {'value': 1, 'total': 1, 'type': 'fractionWithPercentage'}}, 'Shotmap': {'key': None, 'stat': {'value': 1, 'type': 'boolean'}}, 'Defensive actions': {'key': 'defensive_actions', 'stat': {'value': 0, 'type': 'integer'}}}}, {'title': 'Attack', 'key': 'attack', 'stats': {'Touches': {'key': 'touches', 'stat': {'value': 3, 'type': 'integer'}}, 'Touches in opposition box': {'key': 'touches_opp_box', 'stat': {'value': 2, 'type': 'integer'}}, 'Successful dribbles': {'key': 'dribbles_succeeded', 'stat': {'value': 0, 'total': 1, 'type': 'fractionWithPercentage'}}, 'Dispossessed': {'key': 'dispossessed', 'stat': {'value': 0, 'type': 'integer'}}, 'xG Non-penalty': {'key': 'expected_goals_non_penalty', 'stat': {'value': 0.95, 'type': 'double'}}}}, {'title': 'Defense', 'key': 'defense', 'stats': {'Defensive actions': {'key': 'defensive_actions', 'stat': {'value': 0, 'type': 'integer'}}, 'Tackles': {'key': 'matchstats.headers.tackles', 'stat': {'value': 0, 'type': 'integer'}}, 'Blocks': {'key': 'shot_blocks', 'stat': {'value': 0, 'type': 'integer'}}, 'Clearances': {'key': 'clearances', 'stat': {'value': 0, 'type': 'integer'}}, 'Interceptions': {'key': 'interceptions', 'stat': {'value': 0, 'type': 'integer'}}, 'Recoveries': {'key': 'recoveries', 'stat': {'value': 0, 'type': 'integer'}}, 'Dribbled past': {'key': 'dribbled_past', 'stat': {'value': 0, 'type': 'integer'}}}}, {'title': 'Duels', 'key': 'duels', 'stats': {'Ground duels won': {'key': 'ground_duels_won', 'stat': {'value': 1, 'total': 2, 'type': 'fractionWithPercentage'}}, 'Aerial duels won': {'key': 'aerials_won', 'stat': {'value': 0, 'total': 0, 'type': 'fractionWithPercentage'}}, 'Was fouled': {'key': 'was_fouled', 'stat': {'value': 1, 'type': 'integer'}}, 'Fouls committed': {'key': 'fouls', 'stat': {'value': 0, 'type': 'integer'}}, 'Duels won': {'key': 'duel_won', 'stat': {'value': 1, 'type': 'integer'}, 'hideInPopupCard': True}, 'Duels lost': {'key': 'duel_lost', 'stat': {'value': 1, 'type': 'integer'}, 'hideInPopupCard': True}}}]",22,,3,5261537,3,Cruzeiro,9781,Boca Juniors,10077,2026-04-29T00:30:00.000Z,1,0,7.12,15.0,1.0,0.0,,0.0,0.0,0.0,,0.95,,0.0,3.0,2.0,,,,,,0.0,,,0.0,0.0,,0.0,0.0,0.0,1.0,1.0,1.0,2.0,0.0,0.0,1.0,0.0
Otávio,1732742,574167,9781,Cruzeiro,True,"[{'title': 'Top stats', 'key': 'top_stats', 'stats': {'FotMob rating': {'key': 'rating_title', 'stat': {'value': 6.98, 'type': 'double'}}, 'Minutes played': {'key': 'minutes_played', 'stat': {'value': 90, 'type': 'integer'}}, 'Saves': {'key': 'saves', 'stat': {'value': 0, 'type': 'integer'}}, 'Goals conceded': {'key': 'goals_conceded', 'stat': {'value': 0, 'type': 'integer'}}, 'Shotmap': {'key': None, 'stat': {'value': 0, 'type': 'boolean'}}, 'Accurate passes': {'key': 'accurate_passes', 'stat': {'value': 16, 'total': 18, 'type': 'fractionWithPercentage'}}, 'Accurate long balls': {'key': 'long_balls_accurate', 'stat': {'value': 0, 'total': 1, 'type': 'fractionWithPercentage'}}, 'Diving save': {'key': 'keeper_diving_save', 'stat': {'value': 0, 'type': 'integer'}}, 'Saves inside box': {'key': 'saves_inside_box', 'stat': {'value': 0, 'type': 'integer'}}, 'Acted as sweeper': {'key': 'keeper_sweeper', 'stat': {'value': 0, 'type': 'integer'}}, 'Punches': {'key': 'punches', 'stat': {'value': 0, 'type': 'integer'}}, 'Throws': {'key': 'player_throws', 'stat': {'value': 5, 'type': 'integer'}}, 'High claim': {'key': 'keeper_high_claim', 'stat': {'value': 0, 'type': 'integer'}}, 'Recoveries': {'key': 'recoveries', 'stat': {'value': 6, 'type': 'integer'}}, 'Clearances': {'key': 'clearances', 'stat': {'value': 1, 'type': 'integer'}}, 'Touches': {'key': 'touches', 'stat': {'value': 25, 'type': 'integer'}}, 'Defensive actions': {'key': 'defensive_actions', 'stat': {'value': 1, 'type': 'integer'}, 'hideInPopupCard': True}, 'Was fouled': {'key': 'was_fouled', 'stat': {'type': 'integer'}, 'hideInPopupCard': True}, 'Fouls committed': {'key': 'fouls', 'stat': {'value': 0, 'type': 'integer'}, 'hideInPopupCard': True}, 'Tackles': {'key': 'matchstats.headers.tackles', 'stat': {'value': 0, 'type': 'integer'}, 'hideInPopupCard': True}, 'Interceptions': {'key': 'interceptions', 'stat': {'value': 0, 'type': 'integer'}, 'hideInPopupCard': True}}}]",81,11,0,5261537,3,Cruzeiro,9781,Boca Juniors,10077,2026-04-29T00:30:00.000Z,1,0,6.98,90.0,,,,16.0,18.0,,,,,1.0,,,,,,,,,,,,,,,,,,,,,,,,
Kauã Moraes,1759878,616635,9781,Cruzeiro,False,"[{'title': 'Top stats', 'key': 'top_stats', 'stats': {'FotMob rating': {'key': 'rating_title', 'stat': {'value': 6.92, 'type': 'double'}}, 'Minutes played': {'key': 'minutes_played', 'stat': {'value': 45, 'type': 'integer'}}, 'Goals': {'key': 'goals', 'stat': {'value': 0, 'type': 'integer'}}, 'Assists': {'key': 'assists', 'stat': {'value': 0, 'type': 'integer'}}, 'Expected assists (xA)': {'key': 'expected_assists', 'stat': {'value': 0.1, 'type': 'double'}}, 'xG + xA': {'key': 'xg_and_xa', 'stat': {'value': 0.1, 'type': 'double'}}, 'Accurate passes': {'key': 'accurate_passes', 'stat': {'value': 23, 'total': 24, 'type': 'fractionWithPercentage'}}, 'Chances created': {'key': 'chances_created', 'stat': {'value': 3, 'type': 'integer'}}, 'Shotmap': {'key': None, 'stat': {'value': 0, 'type': 'boolean'}}, 'Defensive actions': {'key': 'defensive_actions', 'stat': {'value': 4, 'type': 'integer'}}}}, {'title': 'Attack', 'key': 'attack', 'stats': {'Touches': {'key': 'touches', 'stat': {'value': 35, 'type': 'integer'}}, 'Touches in opposition box': {'key': 'touches_opp_box', 'stat': {'value': 0, 'type': 'integer'}}, 'Passes into final third': {'key': 'passes_into_final_third', 'stat': {'value': 1, 'type': 'integer'}}, 'Accurate crosses': {'key': 'accurate_crosses', 'stat': {'value': 1, 'total': 2, 'type': 'fractionWithPercentage'}}, 'Accurate long balls': {'key': 'long_balls_accurate', 'stat': {'value': 0, 'total': 1, 'type': 'fractionWithPercentage'}}, 'Dispossessed': {'key': 'dispossessed', 'stat': {'value': 1, 'type': 'integer'}}}}, {'title': 'Defense', 'key': 'defense', 'stats': {'Defensive actions': {'key': 'defensive_actions', 'stat': {'value': 4, 'type': 'integer'}}, 'Tackles': {'key': 'matchstats.headers.tackles', 'stat': {'value': 0, 'type': 'integer'}}, 'Blocks': {'key': 'shot_blocks', 'stat': {'value': 0, 'type': 'integer'}}, 'Clearances': {'key': 'clearances', 'stat': {'value': 4, 'type': 'integer'}}, 'Headed clearance': {'key': 'headed_clearance', 'stat': {'value': 3, 'type': 'integer'}}, 'Interceptions': {'key': 'interceptions', 'stat': {'value': 0, 'type': 'integer'}}, 'Recoveries': {'key': 'recoveries', 'stat': {'value': 0, 'type': 'integer'}}, 'Dribbled past': {'key': 'dribbled_past', 'stat': {'value': 0, 'type': 'integer'}}}}, {'title': 'Duels', 'key': 'duels', 'stats': {'Ground duels won': {'key': 'ground_duels_won', 'stat': {'value': 1, 'total': 3, 'type': 'fractionWithPercentage'}}, 'Aerial duels won': {'key': 'aerials_won', 'stat': {'value': 1, 'total': 1, 'type': 'fractionWithPercentage'}}, 'Was fouled': {'key': 'was_fouled', 'stat': {'value': 1, 'type': 'integer'}}, 'Fouls committed': {'key': 'fouls', 'stat': {'value': 1, 'type': 'integer'}}, 'Duels won': {'key': 'duel_won', 'stat': {'value': 2, 'type': 'integer'}, 'hideInPopupCard': True}, 'Duels lost': {'key': 'duel_lost', 'stat': {'value': 2, 'type': 'integer'}, 'hideInPopupCard': True}}}]",2,,1,5261537,3,Cruzeiro,9781,Boca Juniors,10077,2026-04-29T00:30:00.000Z,1,0,6.92,45.0,0.0,0.0,,23.0,24.0,3.0,0.1,0.1,,4.0,35.0,0.0,1.0,1.0,2.0,0.0,1.0,1.0,,,0.0,4.0,3.0,0.0,0.0,0.0,2.0,2.0,1.0,3.0,1.0,1.0,1.0,1.0
Tomás Aranda,1899032,687941,10077,Boca Juniors,False,"[{'title': 'Top stats', 'key': 'top_stats', 'stats': {'FotMob rating': {'key': 'rating_title', 'stat': {'value': 6.1, 'type': 'double'}}, 'Minutes played': {'key': 'minutes_played', 'stat': {'value': 62, 'type': 'integer'}}, 'Goals': {'key': 'goals', 'stat': {'value': 0, 'type': 'integer'}}, 'Assists': {'key': 'assists', 'stat': {'value': 0, 'type': 'integer'}}, 'Expected assists (xA)': {'key': 'expected_assists', 'stat': {'value': 0.02, 'type': 'double'}}, 'xG + xA': {'key': 'xg_and_xa', 'stat': {'value': 0.02, 'type': 'double'}}, 'Accurate passes': {'key': 'accurate_passes', 'stat': {'value': 22, 'total': 22, 'type': 'fractionWithPercentage'}}, 'Chances created': {'key': 'chances_created', 'stat': {'value': 0, 'type': 'integer'}}, 'Shotmap': {'key': None, 'stat': {'value': 0, 'type': 'boolean'}}, 'Defensive actions': {'key': 'defensive_actions', 'stat': {'value': 3, 'type': 'integer'}}}}, {'title': 'Attack', 'key': 'attack', 'stats': {'Touches': {'key': 'touches', 'stat': {'value': 36, 'type': 'integer'}}, 'Touches in opposition box': {'key': 'touches_opp_box', 'stat': {'value': 1, 'type': 'integer'}}, 'Successful dribbles': {'key': 'dribbles_succeeded', 'stat': {'value': 0, 'total': 1, 'type': 'fractionWithPercentage'}}, 'Passes into final third': {'key': 'passes_into_final_third', 'stat': {'value': 2, 'type': 'integer'}}, 'Accurate long balls': {'key': 'long_balls_accurate', 'stat': {'value': 1, 'total': 1, 'type': 'fractionWithPercentage'}}, 'Dispossessed': {'key': 'dispossessed', 'stat': {'value': 3, 'type': 'integer'}}}}, {'title': 'Defense', 'key': 'defense', 'stats': {'Defensive actions': {'key': 'defensive_actions', 'stat': {'value': 3, 'type': 'integer'}}, 'Tackles': {'key': 'matchstats.headers.tackles', 'stat': {'value': 2, 'type': 'integer'}}, 'Blocks': {'key': 'shot_blocks', 'stat': {'value': 0, 'type': 'integer'}}, 'Clearances': {'key': 'clearances', 'stat': {'value': 0, 'type': 'integer'}}, 'Interceptions': {'key': 'interceptions', 'stat': {'value': 1, 'type': 'integer'}}, 'Recoveries': {'key': 'recoveries', 'stat': {'value': 3, 'type': 'integer'}}, 'Dribbled past': {'key': 'dribbled_past', 'stat': {'value': 0, 'type': 'integer'}}}}, {'title': 'Duels', 'key': 'duels', 'stats': {'Ground duels won': {'key': 'ground_duels_won', 'stat': {'value': 4, 'total': 9, 'type': 'fractionWithPercentage'}}, 'Aerial duels won': {'key': 'aerials_won', 'stat': {'value': 0, 'total': 1, 'type': 'fractionWithPercentage'}}, 'Was fouled': {'key': 'was_fouled', 'stat': {'value': 2, 'type': 'integer'}}, 'Fouls committed': {'key': 'fouls', 'stat': {'value': 1, 'type': 'integer'}}, 'Duels won': {'key': 'duel_won', 'stat': {'value': 4, 'type': 'integer'}, 'hideInPopupCard': True}, 'Duels lost': {'key': 'duel_lost', 'stat': {'value': 6, 'type': 'integer'}, 'hideInPopupCard': True}}}]",36,78,2,5261537,3,Cruzeiro,9781,Boca Juniors,10077,2026-04-29T00:30:00.000Z,1,0,6.1,62.0,0.0,0.0,,22.0,22.0,0.0,0.02,0.02,,3.0,36.0,1.0,2.0,,,1.0,1.0,3.0,,,0.0,0.0,,1.0,3.0,0.0,4.0,6.0,4.0,9.0,0.0,1.0,2.0,1.0
